source,currency_pair,rate,rate_type,iso_datetime,date,timestamp
cbr,USD/RUB,86.3793,value,2026-09-01T11:30:00+03:00,2026-09-01,1788251400
cbr,CNY/RUB,12.858,value,2026-09-01T11:30:00+03:00,2026-09-01,1788251400
forex,USD/RUB,86.41,value,2026-09-01T03:00:01+03:00,2026-09-01,1788220801
forex,CNY/RUB,12.72,value,2026-09-01T03:00:01+03:00,2026-09-01,1788220801
rbc_cash,USD/RUB,86.3,min,2026-09-01T07:46:48+03:00,2026-09-01,1788238008
rbc_cash,USD/RUB,86.3,p05,2026-09-01T07:46:48+03:00,2026-09-01,1788238008
rbc_cash,USD/RUB,87.5,median,2026-09-01T07:46:48+03:00,2026-09-01,1788238008
rbc_cash,CNY/RUB,13.65,min,2026-09-01T07:46:48+03:00,2026-09-01,1788238008
rbc_cash,CNY/RUB,13.65,p05,2026-09-01T07:46:48+03:00,2026-09-01,1788238008
rbc_cash,CNY/RUB,13.9,median,2026-09-01T07:46:48+03:00,2026-09-01,1788238008
bestchange,USDT_TRC20/RUB,86.83,min,2026-09-01T07:46:48+03:00,2026-09-01,1788238008
bestchange,USDT_TRC20/RUB,89.1678,p05,2026-09-01T07:46:48+03:00,2026-09-01,1788238008
bestchange,USDT_TRC20/RUB,92.1964,median,2026-09-01T07:46:48+03:00,2026-09-01,1788238008
cbr,USD/RUB,86.3793,value,2026-09-01T11:30:00+03:00,2026-09-01,1788251400
cbr,CNY/RUB,12.858,value,2026-09-01T11:30:00+03:00,2026-09-01,1788251400
forex,USD/RUB,86.41,value,2026-09-01T03:00:01+03:00,2026-09-01,1788220801
forex,CNY/RUB,12.72,value,2026-09-01T03:00:01+03:00,2026-09-01,1788220801
rbc_cash,USD/RUB,85.49,min,2026-09-01T12:53:50+03:00,2026-09-01,1788256430
rbc_cash,USD/RUB,85.9,p05,2026-09-01T12:53:50+03:00,2026-09-01,1788256430
rbc_cash,USD/RUB,88.5,median,2026-09-01T12:53:50+03:00,2026-09-01,1788256430
rbc_cash,CNY/RUB,12.9,min,2026-09-01T12:53:50+03:00,2026-09-01,1788256430
rbc_cash,CNY/RUB,13.2,p05,2026-09-01T12:53:50+03:00,2026-09-01,1788256430
rbc_cash,CNY/RUB,13.5,median,2026-09-01T12:53:50+03:00,2026-09-01,1788256430
bestchange,USDT_TRC20/RUB,86.73,min,2026-09-01T12:53:51+03:00,2026-09-01,1788256431
bestchange,USDT_TRC20/RUB,88.70753127,p05,2026-09-01T12:53:51+03:00,2026-09-01,1788256431
bestchange,USDT_TRC20/RUB,92.2635,median,2026-09-01T12:53:51+03:00,2026-09-01,1788256431
cbr,USD/RUB,86.753,value,2026-09-02T11:30:00+03:00,2026-09-02,1788337800
cbr,CNY/RUB,12.897,value,2026-09-02T11:30:00+03:00,2026-09-02,1788337800
forex,USD/RUB,86.41,value,2026-09-01T03:00:01+03:00,2026-09-01,1788220801
forex,CNY/RUB,12.72,value,2026-09-01T03:00:01+03:00,2026-09-01,1788220801
rbc_cash,USD/RUB,85.8,min,2026-09-01T17:41:45+03:00,2026-09-01,1788273705
rbc_cash,USD/RUB,86.35,p05,2026-09-01T17:41:45+03:00,2026-09-01,1788273705
rbc_cash,USD/RUB,88.6,median,2026-09-01T17:41:45+03:00,2026-09-01,1788273705
rbc_cash,CNY/RUB,12.9,min,2026-09-01T17:41:45+03:00,2026-09-01,1788273705
rbc_cash,CNY/RUB,13.25,p05,2026-09-01T17:41:45+03:00,2026-09-01,1788273705
rbc_cash,CNY/RUB,13.55,median,2026-09-01T17:41:45+03:00,2026-09-01,1788273705
bestchange,USDT_TRC20/RUB,86.73,min,2026-09-01T17:41:45+03:00,2026-09-01,1788273705
bestchange,USDT_TRC20/RUB,89.38493741,p05,2026-09-01T17:41:45+03:00,2026-09-01,1788273705
bestchange,USDT_TRC20/RUB,92.9767,median,2026-09-01T17:41:45+03:00,2026-09-01,1788273705
cbr,USD/RUB,86.753,value,2026-09-02T11:30:00+03:00,2026-09-02,1788337800
cbr,CNY/RUB,12.897,value,2026-09-02T11:30:00+03:00,2026-09-02,1788337800
forex,USD/RUB,86.41,value,2026-09-01T03:00:01+03:00,2026-09-01,1788220801
forex,CNY/RUB,12.72,value,2026-09-01T03:00:01+03:00,2026-09-01,1788220801
rbc_cash,USD/RUB,86.45,min,2026-09-01T21:19:02+03:00,2026-09-01,1788286742
rbc_cash,USD/RUB,87.05,p05,2026-09-01T21:19:02+03:00,2026-09-01,1788286742
rbc_cash,USD/RUB,88.6,median,2026-09-01T21:19:02+03:00,2026-09-01,1788286742
rbc_cash,CNY/RUB,12.9,min,2026-09-01T21:19:02+03:00,2026-09-01,1788286742
rbc_cash,CNY/RUB,13.2,p05,2026-09-01T21:19:02+03:00,2026-09-01,1788286742
rbc_cash,CNY/RUB,13.7,median,2026-09-01T21:19:02+03:00,2026-09-01,1788286742
bestchange,USDT_TRC20/RUB,86.73,min,2026-09-01T21:19:03+03:00,2026-09-01,1788286743
bestchange,USDT_TRC20/RUB,89.8706,p05,2026-09-01T21:19:03+03:00,2026-09-01,1788286743
bestchange,USDT_TRC20/RUB,92.98795,median,2026-09-01T21:19:03+03:00,2026-09-01,1788286743
cbr,USD/RUB,86.753,value,2026-09-02T11:30:00+03:00,2026-09-02,1788337800
cbr,CNY/RUB,12.897,value,2026-09-02T11:30:00+03:00,2026-09-02,1788337800
forex,USD/RUB,86.41,value,2026-09-01T03:00:01+03:00,2026-09-01,1788220801
forex,CNY/RUB,12.72,value,2026-09-01T03:00:01+03:00,2026-09-01,1788220801
rbc_cash,USD/RUB,87.8,min,2026-09-02T00:41:01+03:00,2026-09-02,1788298861
rbc_cash,USD/RUB,87.8,p05,2026-09-02T00:41:01+03:00,2026-09-02,1788298861
rbc_cash,USD/RUB,87.9,median,2026-09-02T00:41:01+03:00,2026-09-02,1788298861
rbc_cash,CNY/RUB,13.75,min,2026-09-02T00:41:01+03:00,2026-09-02,1788298861
rbc_cash,CNY/RUB,13.75,p05,2026-09-02T00:41:01+03:00,2026-09-02,1788298861
rbc_cash,CNY/RUB,13.75,median,2026-09-02T00:41:01+03:00,2026-09-02,1788298861
bestchange,USDT_TRC20/RUB,86.73,min,2026-09-02T00:41:01+03:00,2026-09-02,1788298861
bestchange,USDT_TRC20/RUB,89.89918186,p05,2026-09-02T00:41:01+03:00,2026-09-02,1788298861
bestchange,USDT_TRC20/RUB,93.07595,median,2026-09-02T00:41:01+03:00,2026-09-02,1788298861
cbr,USD/RUB,86.753,value,2026-09-02T11:30:00+03:00,2026-09-02,1788337800
cbr,CNY/RUB,12.897,value,2026-09-02T11:30:00+03:00,2026-09-02,1788337800
forex,USD/RUB,86.41,value,2026-09-01T03:00:01+03:00,2026-09-01,1788220801
forex,CNY/RUB,12.72,value,2026-09-01T03:00:01+03:00,2026-09-01,1788220801
rbc_cash,USD/RUB,87.8,min,2026-09-02T02:56:48+03:00,2026-09-02,1788307008
rbc_cash,USD/RUB,87.8,p05,2026-09-02T02:56:48+03:00,2026-09-02,1788307008
rbc_cash,USD/RUB,87.9,median,2026-09-02T02:56:48+03:00,2026-09-02,1788307008
rbc_cash,CNY/RUB,13.75,min,2026-09-02T02:56:48+03:00,2026-09-02,1788307008
rbc_cash,CNY/RUB,13.75,p05,2026-09-02T02:56:48+03:00,2026-09-02,1788307008
rbc_cash,CNY/RUB,13.75,median,2026-09-02T02:56:48+03:00,2026-09-02,1788307008
bestchange,USDT_TRC20/RUB,86.83,min,2026-09-02T02:56:48+03:00,2026-09-02,1788307008
bestchange,USDT_TRC20/RUB,89.8936,p05,2026-09-02T02:56:48+03:00,2026-09-02,1788307008
bestchange,USDT_TRC20/RUB,93.249040965,median,2026-09-02T02:56:48+03:00,2026-09-02,1788307008
cbr,USD/RUB,86.753,value,2026-09-02T11:30:00+03:00,2026-09-02,1788337800
cbr,CNY/RUB,12.897,value,2026-09-02T11:30:00+03:00,2026-09-02,1788337800
forex,USD/RUB,86.79,value,2026-09-02T03:00:01+03:00,2026-09-02,1788307201
forex,CNY/RUB,12.82,value,2026-09-02T03:00:01+03:00,2026-09-02,1788307201
rbc_cash,USD/RUB,87.8,min,2026-09-02T07:15:42+03:00,2026-09-02,1788322542
rbc_cash,USD/RUB,87.8,p05,2026-09-02T07:15:42+03:00,2026-09-02,1788322542
rbc_cash,USD/RUB,87.9,median,2026-09-02T07:15:42+03:00,2026-09-02,1788322542
rbc_cash,CNY/RUB,13.75,min,2026-09-02T07:15:42+03:00,2026-09-02,1788322542
rbc_cash,CNY/RUB,13.75,p05,2026-09-02T07:15:42+03:00,2026-09-02,1788322542
rbc_cash,CNY/RUB,13.75,median,2026-09-02T07:15:42+03:00,2026-09-02,1788322542
bestchange,USDT_TRC20/RUB,86.83,min,2026-09-02T07:15:42+03:00,2026-09-02,1788322542
bestchange,USDT_TRC20/RUB,89.8935,p05,2026-09-02T07:15:42+03:00,2026-09-02,1788322542
bestchange,USDT_TRC20/RUB,93.085614385,median,2026-09-02T07:15:42+03:00,2026-09-02,1788322542
cbr,USD/RUB,86.753,value,2026-09-02T11:30:00+03:00,2026-09-02,1788337800
cbr,CNY/RUB,12.897,value,2026-09-02T11:30:00+03:00,2026-09-02,1788337800
forex,USD/RUB,86.79,value,2026-09-02T03:00:01+03:00,2026-09-02,1788307201
forex,CNY/RUB,12.82,value,2026-09-02T03:00:01+03:00,2026-09-02,1788307201
rbc_cash,USD/RUB,85.74,min,2026-09-02T12:26:10+03:00,2026-09-02,1788341170
rbc_cash,USD/RUB,85.99,p05,2026-09-02T12:26:10+03:00,2026-09-02,1788341170
rbc_cash,USD/RUB,88.8,median,2026-09-02T12:26:10+03:00,2026-09-02,1788341170
rbc_cash,CNY/RUB,12.9,min,2026-09-02T12:26:10+03:00,2026-09-02,1788341170
rbc_cash,CNY/RUB,13.25,p05,2026-09-02T12:26:10+03:00,2026-09-02,1788341170
rbc_cash,CNY/RUB,13.5,median,2026-09-02T12:26:10+03:00,2026-09-02,1788341170
bestchange,USDT_TRC20/RUB,86.73,min,2026-09-02T12:26:10+03:00,2026-09-02,1788341170
bestchange,USDT_TRC20/RUB,89.59209,p05,2026-09-02T12:26:10+03:00,2026-09-02,1788341170
bestchange,USDT_TRC20/RUB,93.0193,median,2026-09-02T12:26:10+03:00,2026-09-02,1788341170
cbr,USD/RUB,86.753,value,2026-09-02T11:30:00+03:00,2026-09-02,1788337800
cbr,CNY/RUB,12.897,value,2026-09-02T11:30:00+03:00,2026-09-02,1788337800
forex,USD/RUB,86.79,value,2026-09-02T03:00:01+03:00,2026-09-02,1788307201
forex,CNY/RUB,12.82,value,2026-09-02T03:00:01+03:00,2026-09-02,1788307201
rbc_cash,USD/RUB,86.29,min,2026-09-02T17:16:46+03:00,2026-09-02,1788358606
rbc_cash,USD/RUB,86.69,p05,2026-09-02T17:16:46+03:00,2026-09-02,1788358606
rbc_cash,USD/RUB,88.8,median,2026-09-02T17:16:46+03:00,2026-09-02,1788358606
rbc_cash,CNY/RUB,12.9,min,2026-09-02T17:16:46+03:00,2026-09-02,1788358606
rbc_cash,CNY/RUB,13.3,p05,2026-09-02T17:16:46+03:00,2026-09-02,1788358606
rbc_cash,CNY/RUB,13.5,median,2026-09-02T17:16:46+03:00,2026-09-02,1788358606
bestchange,USDT_TRC20/RUB,87.73,min,2026-09-02T17:16:46+03:00,2026-09-02,1788358606
bestchange,USDT_TRC20/RUB,90.0089,p05,2026-09-02T17:16:46+03:00,2026-09-02,1788358606
bestchange,USDT_TRC20/RUB,92.83099999999999,median,2026-09-02T17:16:46+03:00,2026-09-02,1788358606
cbr,USD/RUB,86.9963,value,2026-09-03T11:30:00+03:00,2026-09-03,1788424200
cbr,CNY/RUB,12.9217,value,2026-09-03T11:30:00+03:00,2026-09-03,1788424200
forex,USD/RUB,86.79,value,2026-09-02T03:00:01+03:00,2026-09-02,1788307201
forex,CNY/RUB,12.82,value,2026-09-02T03:00:01+03:00,2026-09-02,1788307201
rbc_cash,USD/RUB,86.95,min,2026-09-02T21:31:21+03:00,2026-09-02,1788373881
rbc_cash,USD/RUB,88.1,p05,2026-09-02T21:31:21+03:00,2026-09-02,1788373881
rbc_cash,USD/RUB,88.6,median,2026-09-02T21:31:21+03:00,2026-09-02,1788373881
rbc_cash,CNY/RUB,13.33,min,2026-09-02T21:31:21+03:00,2026-09-02,1788373881
rbc_cash,CNY/RUB,13.4,p05,2026-09-02T21:31:21+03:00,2026-09-02,1788373881
rbc_cash,CNY/RUB,13.5,median,2026-09-02T21:31:21+03:00,2026-09-02,1788373881
bestchange,USDT_TRC20/RUB,87.73,min,2026-09-02T21:31:22+03:00,2026-09-02,1788373882
bestchange,USDT_TRC20/RUB,90.06,p05,2026-09-02T21:31:22+03:00,2026-09-02,1788373882
bestchange,USDT_TRC20/RUB,93.3943,median,2026-09-02T21:31:22+03:00,2026-09-02,1788373882
cbr,USD/RUB,86.9963,value,2026-09-03T11:30:00+03:00,2026-09-03,1788424200
cbr,CNY/RUB,12.9217,value,2026-09-03T11:30:00+03:00,2026-09-03,1788424200
forex,USD/RUB,86.79,value,2026-09-02T03:00:01+03:00,2026-09-02,1788307201
forex,CNY/RUB,12.82,value,2026-09-02T03:00:01+03:00,2026-09-02,1788307201
rbc_cash,USD/RUB,87.9,min,2026-09-03T00:42:22+03:00,2026-09-03,1788385342
rbc_cash,USD/RUB,87.9,p05,2026-09-03T00:42:22+03:00,2026-09-03,1788385342
rbc_cash,USD/RUB,88.9,median,2026-09-03T00:42:22+03:00,2026-09-03,1788385342
rbc_cash,CNY/RUB,13.8,min,2026-09-03T00:42:22+03:00,2026-09-03,1788385342
rbc_cash,CNY/RUB,13.8,p05,2026-09-03T00:42:22+03:00,2026-09-03,1788385342
rbc_cash,CNY/RUB,13.850000000000001,median,2026-09-03T00:42:22+03:00,2026-09-03,1788385342
bestchange,USDT_TRC20/RUB,87.73,min,2026-09-03T00:42:23+03:00,2026-09-03,1788385343
bestchange,USDT_TRC20/RUB,90.09,p05,2026-09-03T00:42:23+03:00,2026-09-03,1788385343
bestchange,USDT_TRC20/RUB,93.410096,median,2026-09-03T00:42:23+03:00,2026-09-03,1788385343
cbr,USD/RUB,86.9963,value,2026-09-03T11:30:00+03:00,2026-09-03,1788424200
cbr,CNY/RUB,12.9217,value,2026-09-03T11:30:00+03:00,2026-09-03,1788424200
forex,USD/RUB,86.79,value,2026-09-02T03:00:01+03:00,2026-09-02,1788307201
forex,CNY/RUB,12.82,value,2026-09-02T03:00:01+03:00,2026-09-02,1788307201
rbc_cash,USD/RUB,87.9,min,2026-09-03T02:59:03+03:00,2026-09-03,1788393543
rbc_cash,USD/RUB,87.9,p05,2026-09-03T02:59:03+03:00,2026-09-03,1788393543
rbc_cash,USD/RUB,88.9,median,2026-09-03T02:59:03+03:00,2026-09-03,1788393543
rbc_cash,CNY/RUB,13.8,min,2026-09-03T02:59:03+03:00,2026-09-03,1788393543
rbc_cash,CNY/RUB,13.8,p05,2026-09-03T02:59:03+03:00,2026-09-03,1788393543
rbc_cash,CNY/RUB,13.850000000000001,median,2026-09-03T02:59:03+03:00,2026-09-03,1788393543
bestchange,USDT_TRC20/RUB,87.73,min,2026-09-03T02:59:04+03:00,2026-09-03,1788393544
bestchange,USDT_TRC20/RUB,90.08999999,p05,2026-09-03T02:59:04+03:00,2026-09-03,1788393544
bestchange,USDT_TRC20/RUB,93.5272,median,2026-09-03T02:59:04+03:00,2026-09-03,1788393544
cbr,USD/RUB,86.9963,value,2026-09-03T11:30:00+03:00,2026-09-03,1788424200
cbr,CNY/RUB,12.9217,value,2026-09-03T11:30:00+03:00,2026-09-03,1788424200
forex,USD/RUB,86.96,value,2026-09-03T03:00:01+03:00,2026-09-03,1788393601
forex,CNY/RUB,12.9,value,2026-09-03T03:00:01+03:00,2026-09-03,1788393601
rbc_cash,USD/RUB,87.9,min,2026-09-03T07:14:13+03:00,2026-09-03,1788408853
rbc_cash,USD/RUB,87.9,p05,2026-09-03T07:14:13+03:00,2026-09-03,1788408853
rbc_cash,USD/RUB,88.9,median,2026-09-03T07:14:13+03:00,2026-09-03,1788408853
rbc_cash,CNY/RUB,13.8,min,2026-09-03T07:14:13+03:00,2026-09-03,1788408853
rbc_cash,CNY/RUB,13.8,p05,2026-09-03T07:14:13+03:00,2026-09-03,1788408853
rbc_cash,CNY/RUB,13.850000000000001,median,2026-09-03T07:14:13+03:00,2026-09-03,1788408853
bestchange,USDT_TRC20/RUB,87.78,min,2026-09-03T07:14:13+03:00,2026-09-03,1788408853
bestchange,USDT_TRC20/RUB,90.09,p05,2026-09-03T07:14:13+03:00,2026-09-03,1788408853
bestchange,USDT_TRC20/RUB,93.536488005,median,2026-09-03T07:14:13+03:00,2026-09-03,1788408853
cbr,USD/RUB,86.9963,value,2026-09-03T11:30:00+03:00,2026-09-03,1788424200
cbr,CNY/RUB,12.9217,value,2026-09-03T11:30:00+03:00,2026-09-03,1788424200
forex,USD/RUB,86.96,value,2026-09-03T03:00:01+03:00,2026-09-03,1788393601
forex,CNY/RUB,12.9,value,2026-09-03T03:00:01+03:00,2026-09-03,1788393601
rbc_cash,USD/RUB,86.27,min,2026-09-03T12:35:32+03:00,2026-09-03,1788428132
rbc_cash,USD/RUB,87.35,p05,2026-09-03T12:35:32+03:00,2026-09-03,1788428132
rbc_cash,USD/RUB,88.8,median,2026-09-03T12:35:32+03:00,2026-09-03,1788428132
rbc_cash,CNY/RUB,13.0,min,2026-09-03T12:35:32+03:00,2026-09-03,1788428132
rbc_cash,CNY/RUB,13.28,p05,2026-09-03T12:35:32+03:00,2026-09-03,1788428132
rbc_cash,CNY/RUB,13.6,median,2026-09-03T12:35:32+03:00,2026-09-03,1788428132
bestchange,USDT_TRC20/RUB,87.78,min,2026-09-03T12:35:32+03:00,2026-09-03,1788428132
bestchange,USDT_TRC20/RUB,89.6955,p05,2026-09-03T12:35:32+03:00,2026-09-03,1788428132
bestchange,USDT_TRC20/RUB,93.0541,median,2026-09-03T12:35:32+03:00,2026-09-03,1788428132
cbr,USD/RUB,86.9963,value,2026-09-03T11:30:00+03:00,2026-09-03,1788424200
cbr,CNY/RUB,12.9217,value,2026-09-03T11:30:00+03:00,2026-09-03,1788424200
forex,USD/RUB,86.96,value,2026-09-03T03:00:01+03:00,2026-09-03,1788393601
forex,CNY/RUB,12.9,value,2026-09-03T03:00:01+03:00,2026-09-03,1788393601
rbc_cash,USD/RUB,86.25,min,2026-09-03T17:19:47+03:00,2026-09-03,1788445187
rbc_cash,USD/RUB,86.59,p05,2026-09-03T17:19:47+03:00,2026-09-03,1788445187
rbc_cash,USD/RUB,88.8,median,2026-09-03T17:19:47+03:00,2026-09-03,1788445187
rbc_cash,CNY/RUB,13.0,min,2026-09-03T17:19:47+03:00,2026-09-03,1788445187
rbc_cash,CNY/RUB,13.21,p05,2026-09-03T17:19:47+03:00,2026-09-03,1788445187
rbc_cash,CNY/RUB,13.55,median,2026-09-03T17:19:47+03:00,2026-09-03,1788445187
bestchange,USDT_TRC20/RUB,87.82,min,2026-09-03T17:19:47+03:00,2026-09-03,1788445187
bestchange,USDT_TRC20/RUB,89.98425563,p05,2026-09-03T17:19:47+03:00,2026-09-03,1788445187
bestchange,USDT_TRC20/RUB,93.26200001,median,2026-09-03T17:19:47+03:00,2026-09-03,1788445187
cbr,USD/RUB,86.8872,value,2026-09-04T11:30:00+03:00,2026-09-04,1788510600
cbr,CNY/RUB,12.9191,value,2026-09-04T11:30:00+03:00,2026-09-04,1788510600
forex,USD/RUB,86.96,value,2026-09-03T03:00:01+03:00,2026-09-03,1788393601
forex,CNY/RUB,12.9,value,2026-09-03T03:00:01+03:00,2026-09-03,1788393601
rbc_cash,USD/RUB,86.28,min,2026-09-03T21:27:54+03:00,2026-09-03,1788460074
rbc_cash,USD/RUB,86.69,p05,2026-09-03T21:27:54+03:00,2026-09-03,1788460074
rbc_cash,USD/RUB,88.5,median,2026-09-03T21:27:54+03:00,2026-09-03,1788460074
rbc_cash,CNY/RUB,13.0,min,2026-09-03T21:27:54+03:00,2026-09-03,1788460074
rbc_cash,CNY/RUB,13.4,p05,2026-09-03T21:27:54+03:00,2026-09-03,1788460074
rbc_cash,CNY/RUB,13.5,median,2026-09-03T21:27:54+03:00,2026-09-03,1788460074
bestchange,USDT_TRC20/RUB,87.78,min,2026-09-03T21:27:54+03:00,2026-09-03,1788460074
bestchange,USDT_TRC20/RUB,89.8807999,p05,2026-09-03T21:27:54+03:00,2026-09-03,1788460074
bestchange,USDT_TRC20/RUB,93.1038,median,2026-09-03T21:27:54+03:00,2026-09-03,1788460074
cbr,USD/RUB,86.8872,value,2026-09-04T11:30:00+03:00,2026-09-04,1788510600
cbr,CNY/RUB,12.9191,value,2026-09-04T11:30:00+03:00,2026-09-04,1788510600
forex,USD/RUB,86.96,value,2026-09-03T03:00:01+03:00,2026-09-03,1788393601
forex,CNY/RUB,12.9,value,2026-09-03T03:00:01+03:00,2026-09-03,1788393601
rbc_cash,USD/RUB,87.0,min,2026-09-04T00:37:22+03:00,2026-09-04,1788471442
rbc_cash,USD/RUB,87.0,p05,2026-09-04T00:37:22+03:00,2026-09-04,1788471442
rbc_cash,USD/RUB,88.5,median,2026-09-04T00:37:22+03:00,2026-09-04,1788471442
rbc_cash,CNY/RUB,13.8,min,2026-09-04T00:37:22+03:00,2026-09-04,1788471442
rbc_cash,CNY/RUB,13.8,p05,2026-09-04T00:37:22+03:00,2026-09-04,1788471442
rbc_cash,CNY/RUB,13.850000000000001,median,2026-09-04T00:37:22+03:00,2026-09-04,1788471442
bestchange,USDT_TRC20/RUB,87.63,min,2026-09-04T00:37:23+03:00,2026-09-04,1788471443
bestchange,USDT_TRC20/RUB,90.52179,p05,2026-09-04T00:37:23+03:00,2026-09-04,1788471443
bestchange,USDT_TRC20/RUB,93.2484,median,2026-09-04T00:37:23+03:00,2026-09-04,1788471443
cbr,USD/RUB,86.8872,value,2026-09-04T11:30:00+03:00,2026-09-04,1788510600
cbr,CNY/RUB,12.9191,value,2026-09-04T11:30:00+03:00,2026-09-04,1788510600
forex,USD/RUB,86.96,value,2026-09-03T03:00:01+03:00,2026-09-03,1788393601
forex,CNY/RUB,12.9,value,2026-09-03T03:00:01+03:00,2026-09-03,1788393601
rbc_cash,USD/RUB,87.0,min,2026-09-04T02:54:47+03:00,2026-09-04,1788479687
rbc_cash,USD/RUB,87.0,p05,2026-09-04T02:54:47+03:00,2026-09-04,1788479687
rbc_cash,USD/RUB,88.5,median,2026-09-04T02:54:47+03:00,2026-09-04,1788479687
rbc_cash,CNY/RUB,13.8,min,2026-09-04T02:54:47+03:00,2026-09-04,1788479687
rbc_cash,CNY/RUB,13.8,p05,2026-09-04T02:54:47+03:00,2026-09-04,1788479687
rbc_cash,CNY/RUB,13.850000000000001,median,2026-09-04T02:54:47+03:00,2026-09-04,1788479687
bestchange,USDT_TRC20/RUB,87.72,min,2026-09-04T02:54:48+03:00,2026-09-04,1788479688
bestchange,USDT_TRC20/RUB,90.61476,p05,2026-09-04T02:54:48+03:00,2026-09-04,1788479688
bestchange,USDT_TRC20/RUB,93.01197490999999,median,2026-09-04T02:54:48+03:00,2026-09-04,1788479688
cbr,USD/RUB,86.8872,value,2026-09-04T11:30:00+03:00,2026-09-04,1788510600
cbr,CNY/RUB,12.9191,value,2026-09-04T11:30:00+03:00,2026-09-04,1788510600
forex,USD/RUB,86.68,value,2026-09-04T03:00:01+03:00,2026-09-04,1788480001
forex,CNY/RUB,13.04,value,2026-09-04T03:00:01+03:00,2026-09-04,1788480001
rbc_cash,USD/RUB,87.0,min,2026-09-04T07:10:25+03:00,2026-09-04,1788495025
rbc_cash,USD/RUB,87.0,p05,2026-09-04T07:10:25+03:00,2026-09-04,1788495025
rbc_cash,USD/RUB,88.5,median,2026-09-04T07:10:25+03:00,2026-09-04,1788495025
rbc_cash,CNY/RUB,13.8,min,2026-09-04T07:10:25+03:00,2026-09-04,1788495025
rbc_cash,CNY/RUB,13.8,p05,2026-09-04T07:10:25+03:00,2026-09-04,1788495025
rbc_cash,CNY/RUB,13.850000000000001,median,2026-09-04T07:10:25+03:00,2026-09-04,1788495025
bestchange,USDT_TRC20/RUB,87.73,min,2026-09-04T07:10:25+03:00,2026-09-04,1788495025
bestchange,USDT_TRC20/RUB,90.62509,p05,2026-09-04T07:10:25+03:00,2026-09-04,1788495025
bestchange,USDT_TRC20/RUB,93.13265000000001,median,2026-09-04T07:10:25+03:00,2026-09-04,1788495025
cbr,USD/RUB,86.8872,value,2026-09-04T11:30:00+03:00,2026-09-04,1788510600
cbr,CNY/RUB,12.9191,value,2026-09-04T11:30:00+03:00,2026-09-04,1788510600
forex,USD/RUB,86.68,value,2026-09-04T03:00:01+03:00,2026-09-04,1788480001
forex,CNY/RUB,13.04,value,2026-09-04T03:00:01+03:00,2026-09-04,1788480001
rbc_cash,USD/RUB,86.29,min,2026-09-04T12:27:16+03:00,2026-09-04,1788514036
rbc_cash,USD/RUB,86.89,p05,2026-09-04T12:27:16+03:00,2026-09-04,1788514036
rbc_cash,USD/RUB,88.6,median,2026-09-04T12:27:16+03:00,2026-09-04,1788514036
rbc_cash,CNY/RUB,13.0,min,2026-09-04T12:27:16+03:00,2026-09-04,1788514036
rbc_cash,CNY/RUB,13.25,p05,2026-09-04T12:27:16+03:00,2026-09-04,1788514036
rbc_cash,CNY/RUB,13.55,median,2026-09-04T12:27:16+03:00,2026-09-04,1788514036
bestchange,USDT_TRC20/RUB,87.83,min,2026-09-04T12:27:16+03:00,2026-09-04,1788514036
bestchange,USDT_TRC20/RUB,90.362688,p05,2026-09-04T12:27:16+03:00,2026-09-04,1788514036
bestchange,USDT_TRC20/RUB,93.10669999999999,median,2026-09-04T12:27:16+03:00,2026-09-04,1788514036
cbr,USD/RUB,86.8872,value,2026-09-04T11:30:00+03:00,2026-09-04,1788510600
cbr,CNY/RUB,12.9191,value,2026-09-04T11:30:00+03:00,2026-09-04,1788510600
forex,USD/RUB,86.68,value,2026-09-04T03:00:01+03:00,2026-09-04,1788480001
forex,CNY/RUB,13.04,value,2026-09-04T03:00:01+03:00,2026-09-04,1788480001
rbc_cash,USD/RUB,86.04,min,2026-09-04T17:09:09+03:00,2026-09-04,1788530949
rbc_cash,USD/RUB,86.2,p05,2026-09-04T17:09:09+03:00,2026-09-04,1788530949
rbc_cash,USD/RUB,88.5,median,2026-09-04T17:09:09+03:00,2026-09-04,1788530949
rbc_cash,CNY/RUB,13.0,min,2026-09-04T17:09:09+03:00,2026-09-04,1788530949
rbc_cash,CNY/RUB,13.16,p05,2026-09-04T17:09:09+03:00,2026-09-04,1788530949
rbc_cash,CNY/RUB,13.55,median,2026-09-04T17:09:09+03:00,2026-09-04,1788530949
bestchange,USDT_TRC20/RUB,87.83,min,2026-09-04T17:09:09+03:00,2026-09-04,1788530949
bestchange,USDT_TRC20/RUB,89.9335,p05,2026-09-04T17:09:09+03:00,2026-09-04,1788530949
bestchange,USDT_TRC20/RUB,92.62845,median,2026-09-04T17:09:09+03:00,2026-09-04,1788530949
cbr,USD/RUB,86.5857,value,2026-09-05T11:30:00+03:00,2026-09-05,1788597000
cbr,CNY/RUB,12.8849,value,2026-09-05T11:30:00+03:00,2026-09-05,1788597000
forex,USD/RUB,86.68,value,2026-09-04T03:00:01+03:00,2026-09-04,1788480001
forex,CNY/RUB,13.04,value,2026-09-04T03:00:01+03:00,2026-09-04,1788480001
rbc_cash,USD/RUB,86.45,min,2026-09-04T21:14:31+03:00,2026-09-04,1788545671
rbc_cash,USD/RUB,86.7,p05,2026-09-04T21:14:31+03:00,2026-09-04,1788545671
rbc_cash,USD/RUB,88.3,median,2026-09-04T21:14:31+03:00,2026-09-04,1788545671
rbc_cash,CNY/RUB,13.0,min,2026-09-04T21:14:31+03:00,2026-09-04,1788545671
rbc_cash,CNY/RUB,13.35,p05,2026-09-04T21:14:31+03:00,2026-09-04,1788545671
rbc_cash,CNY/RUB,13.5,median,2026-09-04T21:14:31+03:00,2026-09-04,1788545671
bestchange,USDT_TRC20/RUB,87.73,min,2026-09-04T21:14:32+03:00,2026-09-04,1788545672
bestchange,USDT_TRC20/RUB,89.9999,p05,2026-09-04T21:14:32+03:00,2026-09-04,1788545672
bestchange,USDT_TRC20/RUB,92.60502673,median,2026-09-04T21:14:32+03:00,2026-09-04,1788545672
cbr,USD/RUB,86.5857,value,2026-09-05T11:30:00+03:00,2026-09-05,1788597000
cbr,CNY/RUB,12.8849,value,2026-09-05T11:30:00+03:00,2026-09-05,1788597000
forex,USD/RUB,86.68,value,2026-09-04T03:00:01+03:00,2026-09-04,1788480001
forex,CNY/RUB,13.04,value,2026-09-04T03:00:01+03:00,2026-09-04,1788480001
rbc_cash,USD/RUB,86.7,min,2026-09-05T00:20:20+03:00,2026-09-05,1788556820
rbc_cash,USD/RUB,86.7,p05,2026-09-05T00:20:20+03:00,2026-09-05,1788556820
rbc_cash,USD/RUB,88.3,median,2026-09-05T00:20:20+03:00,2026-09-05,1788556820
rbc_cash,CNY/RUB,13.75,min,2026-09-05T00:20:20+03:00,2026-09-05,1788556820
rbc_cash,CNY/RUB,13.75,p05,2026-09-05T00:20:20+03:00,2026-09-05,1788556820
rbc_cash,CNY/RUB,13.825,median,2026-09-05T00:20:20+03:00,2026-09-05,1788556820
bestchange,USDT_TRC20/RUB,87.73,min,2026-09-05T00:20:21+03:00,2026-09-05,1788556821
bestchange,USDT_TRC20/RUB,90.0667,p05,2026-09-05T00:20:21+03:00,2026-09-05,1788556821
bestchange,USDT_TRC20/RUB,92.69703673,median,2026-09-05T00:20:21+03:00,2026-09-05,1788556821
cbr,USD/RUB,86.5857,value,2026-09-05T11:30:00+03:00,2026-09-05,1788597000
cbr,CNY/RUB,12.8849,value,2026-09-05T11:30:00+03:00,2026-09-05,1788597000
forex,USD/RUB,86.68,value,2026-09-04T03:00:01+03:00,2026-09-04,1788480001
forex,CNY/RUB,13.04,value,2026-09-04T03:00:01+03:00,2026-09-04,1788480001
rbc_cash,USD/RUB,86.7,min,2026-09-05T02:53:34+03:00,2026-09-05,1788566014
rbc_cash,USD/RUB,86.7,p05,2026-09-05T02:53:34+03:00,2026-09-05,1788566014
rbc_cash,USD/RUB,88.3,median,2026-09-05T02:53:34+03:00,2026-09-05,1788566014
rbc_cash,CNY/RUB,13.75,min,2026-09-05T02:53:34+03:00,2026-09-05,1788566014
rbc_cash,CNY/RUB,13.75,p05,2026-09-05T02:53:34+03:00,2026-09-05,1788566014
rbc_cash,CNY/RUB,13.825,median,2026-09-05T02:53:34+03:00,2026-09-05,1788566014
bestchange,USDT_TRC20/RUB,87.73,min,2026-09-05T02:53:35+03:00,2026-09-05,1788566015
bestchange,USDT_TRC20/RUB,90.3052,p05,2026-09-05T02:53:35+03:00,2026-09-05,1788566015
bestchange,USDT_TRC20/RUB,92.7555,median,2026-09-05T02:53:35+03:00,2026-09-05,1788566015
cbr,USD/RUB,86.5857,value,2026-09-05T11:30:00+03:00,2026-09-05,1788597000
cbr,CNY/RUB,12.8849,value,2026-09-05T11:30:00+03:00,2026-09-05,1788597000
forex,USD/RUB,86.59,value,2026-09-05T03:00:02+03:00,2026-09-05,1788566402
forex,CNY/RUB,12.9,value,2026-09-05T03:00:02+03:00,2026-09-05,1788566402
rbc_cash,USD/RUB,86.7,min,2026-09-05T07:06:31+03:00,2026-09-05,1788581191
rbc_cash,USD/RUB,86.7,p05,2026-09-05T07:06:31+03:00,2026-09-05,1788581191
rbc_cash,USD/RUB,88.3,median,2026-09-05T07:06:31+03:00,2026-09-05,1788581191
rbc_cash,CNY/RUB,13.75,min,2026-09-05T07:06:31+03:00,2026-09-05,1788581191
rbc_cash,CNY/RUB,13.75,p05,2026-09-05T07:06:31+03:00,2026-09-05,1788581191
rbc_cash,CNY/RUB,13.825,median,2026-09-05T07:06:31+03:00,2026-09-05,1788581191
bestchange,USDT_TRC20/RUB,87.83,min,2026-09-05T07:06:32+03:00,2026-09-05,1788581192
bestchange,USDT_TRC20/RUB,90.3048,p05,2026-09-05T07:06:32+03:00,2026-09-05,1788581192
bestchange,USDT_TRC20/RUB,92.7866595,median,2026-09-05T07:06:32+03:00,2026-09-05,1788581192
cbr,USD/RUB,86.5857,value,2026-09-05T11:30:00+03:00,2026-09-05,1788597000
cbr,CNY/RUB,12.8849,value,2026-09-05T11:30:00+03:00,2026-09-05,1788597000
forex,USD/RUB,86.59,value,2026-09-05T03:00:02+03:00,2026-09-05,1788566402
forex,CNY/RUB,12.9,value,2026-09-05T03:00:02+03:00,2026-09-05,1788566402
rbc_cash,USD/RUB,86.04,min,2026-09-05T11:55:19+03:00,2026-09-05,1788598519
rbc_cash,USD/RUB,86.7,p05,2026-09-05T11:55:19+03:00,2026-09-05,1788598519
rbc_cash,USD/RUB,88.5,median,2026-09-05T11:55:19+03:00,2026-09-05,1788598519
rbc_cash,CNY/RUB,13.0,min,2026-09-05T11:55:19+03:00,2026-09-05,1788598519
rbc_cash,CNY/RUB,13.3,p05,2026-09-05T11:55:19+03:00,2026-09-05,1788598519
rbc_cash,CNY/RUB,13.57,median,2026-09-05T11:55:19+03:00,2026-09-05,1788598519
bestchange,USDT_TRC20/RUB,87.83,min,2026-09-05T11:55:19+03:00,2026-09-05,1788598519
bestchange,USDT_TRC20/RUB,89.99829996,p05,2026-09-05T11:55:19+03:00,2026-09-05,1788598519
bestchange,USDT_TRC20/RUB,92.59066186000001,median,2026-09-05T11:55:19+03:00,2026-09-05,1788598519
cbr,USD/RUB,86.5857,value,2026-09-05T11:30:00+03:00,2026-09-05,1788597000
cbr,CNY/RUB,12.8849,value,2026-09-05T11:30:00+03:00,2026-09-05,1788597000
forex,USD/RUB,86.59,value,2026-09-05T03:00:02+03:00,2026-09-05,1788566402
forex,CNY/RUB,12.9,value,2026-09-05T03:00:02+03:00,2026-09-05,1788566402
rbc_cash,USD/RUB,85.98,min,2026-09-05T15:33:35+03:00,2026-09-05,1788611615
rbc_cash,USD/RUB,86.7,p05,2026-09-05T15:33:35+03:00,2026-09-05,1788611615
rbc_cash,USD/RUB,88.5,median,2026-09-05T15:33:35+03:00,2026-09-05,1788611615
rbc_cash,CNY/RUB,13.0,min,2026-09-05T15:33:35+03:00,2026-09-05,1788611615
rbc_cash,CNY/RUB,13.35,p05,2026-09-05T15:33:35+03:00,2026-09-05,1788611615
rbc_cash,CNY/RUB,13.55,median,2026-09-05T15:33:35+03:00,2026-09-05,1788611615
bestchange,USDT_TRC20/RUB,87.73,min,2026-09-05T15:33:35+03:00,2026-09-05,1788611615
bestchange,USDT_TRC20/RUB,89.99994987,p05,2026-09-05T15:33:35+03:00,2026-09-05,1788611615
bestchange,USDT_TRC20/RUB,92.60983488,median,2026-09-05T15:33:35+03:00,2026-09-05,1788611615
cbr,USD/RUB,86.5857,value,2026-09-05T11:30:00+03:00,2026-09-05,1788597000
cbr,CNY/RUB,12.8849,value,2026-09-05T11:30:00+03:00,2026-09-05,1788597000
forex,USD/RUB,86.59,value,2026-09-05T03:00:02+03:00,2026-09-05,1788566402
forex,CNY/RUB,12.9,value,2026-09-05T03:00:02+03:00,2026-09-05,1788566402
rbc_cash,USD/RUB,86.29,min,2026-09-05T18:54:17+03:00,2026-09-05,1788623657
rbc_cash,USD/RUB,86.5,p05,2026-09-05T18:54:17+03:00,2026-09-05,1788623657
rbc_cash,USD/RUB,88.1,median,2026-09-05T18:54:17+03:00,2026-09-05,1788623657
rbc_cash,CNY/RUB,13.0,min,2026-09-05T18:54:17+03:00,2026-09-05,1788623657
rbc_cash,CNY/RUB,13.35,p05,2026-09-05T18:54:17+03:00,2026-09-05,1788623657
rbc_cash,CNY/RUB,13.59,median,2026-09-05T18:54:17+03:00,2026-09-05,1788623657
bestchange,USDT_TRC20/RUB,87.73,min,2026-09-05T18:54:17+03:00,2026-09-05,1788623657
bestchange,USDT_TRC20/RUB,90.0,p05,2026-09-05T18:54:17+03:00,2026-09-05,1788623657
bestchange,USDT_TRC20/RUB,92.79499999999999,median,2026-09-05T18:54:17+03:00,2026-09-05,1788623657
cbr,USD/RUB,86.5857,value,2026-09-05T11:30:00+03:00,2026-09-05,1788597000
cbr,CNY/RUB,12.8849,value,2026-09-05T11:30:00+03:00,2026-09-05,1788597000
forex,USD/RUB,86.59,value,2026-09-05T03:00:02+03:00,2026-09-05,1788566402
forex,CNY/RUB,12.9,value,2026-09-05T03:00:02+03:00,2026-09-05,1788566402
rbc_cash,USD/RUB,86.04,min,2026-09-05T21:04:57+03:00,2026-09-05,1788631497
rbc_cash,USD/RUB,86.44,p05,2026-09-05T21:04:57+03:00,2026-09-05,1788631497
rbc_cash,USD/RUB,88.3,median,2026-09-05T21:04:57+03:00,2026-09-05,1788631497
rbc_cash,CNY/RUB,13.0,min,2026-09-05T21:04:57+03:00,2026-09-05,1788631497
rbc_cash,CNY/RUB,13.5,p05,2026-09-05T21:04:57+03:00,2026-09-05,1788631497
rbc_cash,CNY/RUB,13.6,median,2026-09-05T21:04:57+03:00,2026-09-05,1788631497
bestchange,USDT_TRC20/RUB,87.73,min,2026-09-05T21:04:57+03:00,2026-09-05,1788631497
bestchange,USDT_TRC20/RUB,90.0734,p05,2026-09-05T21:04:57+03:00,2026-09-05,1788631497
bestchange,USDT_TRC20/RUB,92.89,median,2026-09-05T21:04:57+03:00,2026-09-05,1788631497
cbr,USD/RUB,86.5857,value,2026-09-05T11:30:00+03:00,2026-09-05,1788597000
cbr,CNY/RUB,12.8849,value,2026-09-05T11:30:00+03:00,2026-09-05,1788597000
forex,USD/RUB,86.59,value,2026-09-05T03:00:02+03:00,2026-09-05,1788566402
forex,CNY/RUB,12.9,value,2026-09-05T03:00:02+03:00,2026-09-05,1788566402
rbc_cash,USD/RUB,86.5,min,2026-09-06T00:04:26+03:00,2026-09-06,1788642266
rbc_cash,USD/RUB,86.5,p05,2026-09-06T00:04:26+03:00,2026-09-06,1788642266
rbc_cash,USD/RUB,87.5,median,2026-09-06T00:04:26+03:00,2026-09-06,1788642266
rbc_cash,CNY/RUB,13.75,min,2026-09-06T00:04:26+03:00,2026-09-06,1788642266
rbc_cash,CNY/RUB,13.75,p05,2026-09-06T00:04:26+03:00,2026-09-06,1788642266
rbc_cash,CNY/RUB,13.825,median,2026-09-06T00:04:26+03:00,2026-09-06,1788642266
bestchange,USDT_TRC20/RUB,87.74,min,2026-09-06T00:04:27+03:00,2026-09-06,1788642267
bestchange,USDT_TRC20/RUB,90.06,p05,2026-09-06T00:04:27+03:00,2026-09-06,1788642267
bestchange,USDT_TRC20/RUB,93.171001615,median,2026-09-06T00:04:27+03:00,2026-09-06,1788642267
cbr,USD/RUB,86.5857,value,2026-09-05T11:30:00+03:00,2026-09-05,1788597000
cbr,CNY/RUB,12.8849,value,2026-09-05T11:30:00+03:00,2026-09-05,1788597000
forex,USD/RUB,86.59,value,2026-09-05T03:00:02+03:00,2026-09-05,1788566402
forex,CNY/RUB,12.9,value,2026-09-05T03:00:02+03:00,2026-09-05,1788566402
rbc_cash,USD/RUB,86.5,min,2026-09-06T02:43:54+03:00,2026-09-06,1788651834
rbc_cash,USD/RUB,86.5,p05,2026-09-06T02:43:54+03:00,2026-09-06,1788651834
rbc_cash,USD/RUB,87.5,median,2026-09-06T02:43:54+03:00,2026-09-06,1788651834
rbc_cash,CNY/RUB,13.75,min,2026-09-06T02:43:54+03:00,2026-09-06,1788651834
rbc_cash,CNY/RUB,13.75,p05,2026-09-06T02:43:54+03:00,2026-09-06,1788651834
rbc_cash,CNY/RUB,13.825,median,2026-09-06T02:43:54+03:00,2026-09-06,1788651834
bestchange,USDT_TRC20/RUB,87.83,min,2026-09-06T02:43:56+03:00,2026-09-06,1788651836
bestchange,USDT_TRC20/RUB,90.58980589,p05,2026-09-06T02:43:56+03:00,2026-09-06,1788651836
bestchange,USDT_TRC20/RUB,93.25,median,2026-09-06T02:43:56+03:00,2026-09-06,1788651836
cbr,USD/RUB,86.5857,value,2026-09-05T11:30:00+03:00,2026-09-05,1788597000
cbr,CNY/RUB,12.8849,value,2026-09-05T11:30:00+03:00,2026-09-05,1788597000
forex,USD/RUB,86.56,value,2026-09-06T03:00:01+03:00,2026-09-06,1788652801
forex,CNY/RUB,12.9,value,2026-09-06T03:00:01+03:00,2026-09-06,1788652801
rbc_cash,USD/RUB,86.5,min,2026-09-06T07:14:10+03:00,2026-09-06,1788668050
rbc_cash,USD/RUB,86.5,p05,2026-09-06T07:14:10+03:00,2026-09-06,1788668050
rbc_cash,USD/RUB,87.5,median,2026-09-06T07:14:10+03:00,2026-09-06,1788668050
rbc_cash,CNY/RUB,13.75,min,2026-09-06T07:14:10+03:00,2026-09-06,1788668050
rbc_cash,CNY/RUB,13.75,p05,2026-09-06T07:14:10+03:00,2026-09-06,1788668050
rbc_cash,CNY/RUB,13.825,median,2026-09-06T07:14:10+03:00,2026-09-06,1788668050
bestchange,USDT_TRC20/RUB,87.83,min,2026-09-06T07:14:11+03:00,2026-09-06,1788668051
bestchange,USDT_TRC20/RUB,90.6301,p05,2026-09-06T07:14:11+03:00,2026-09-06,1788668051
bestchange,USDT_TRC20/RUB,93.6624,median,2026-09-06T07:14:11+03:00,2026-09-06,1788668051
cbr,USD/RUB,86.5857,value,2026-09-05T11:30:00+03:00,2026-09-05,1788597000
cbr,CNY/RUB,12.8849,value,2026-09-05T11:30:00+03:00,2026-09-05,1788597000
forex,USD/RUB,86.56,value,2026-09-06T03:00:01+03:00,2026-09-06,1788652801
forex,CNY/RUB,12.9,value,2026-09-06T03:00:01+03:00,2026-09-06,1788652801
rbc_cash,USD/RUB,86.4,min,2026-09-06T12:16:11+03:00,2026-09-06,1788686171
rbc_cash,USD/RUB,86.5,p05,2026-09-06T12:16:11+03:00,2026-09-06,1788686171
rbc_cash,USD/RUB,88.1,median,2026-09-06T12:16:11+03:00,2026-09-06,1788686171
rbc_cash,CNY/RUB,13.0,min,2026-09-06T12:16:11+03:00,2026-09-06,1788686171
rbc_cash,CNY/RUB,13.35,p05,2026-09-06T12:16:11+03:00,2026-09-06,1788686171
rbc_cash,CNY/RUB,13.5,median,2026-09-06T12:16:11+03:00,2026-09-06,1788686171
bestchange,USDT_TRC20/RUB,87.83,min,2026-09-06T12:16:11+03:00,2026-09-06,1788686171
bestchange,USDT_TRC20/RUB,90.0,p05,2026-09-06T12:16:11+03:00,2026-09-06,1788686171
bestchange,USDT_TRC20/RUB,93.1815,median,2026-09-06T12:16:11+03:00,2026-09-06,1788686171
cbr,USD/RUB,86.5857,value,2026-09-05T11:30:00+03:00,2026-09-05,1788597000
cbr,CNY/RUB,12.8849,value,2026-09-05T11:30:00+03:00,2026-09-05,1788597000
forex,USD/RUB,86.56,value,2026-09-06T03:00:01+03:00,2026-09-06,1788652801
forex,CNY/RUB,12.9,value,2026-09-06T03:00:01+03:00,2026-09-06,1788652801
rbc_cash,USD/RUB,85.99,min,2026-09-06T16:31:50+03:00,2026-09-06,1788701510
rbc_cash,USD/RUB,86.5,p05,2026-09-06T16:31:50+03:00,2026-09-06,1788701510
rbc_cash,USD/RUB,88.1,median,2026-09-06T16:31:50+03:00,2026-09-06,1788701510
rbc_cash,CNY/RUB,13.0,min,2026-09-06T16:31:50+03:00,2026-09-06,1788701510
rbc_cash,CNY/RUB,13.35,p05,2026-09-06T16:31:50+03:00,2026-09-06,1788701510
rbc_cash,CNY/RUB,13.5,median,2026-09-06T16:31:50+03:00,2026-09-06,1788701510
bestchange,USDT_TRC20/RUB,87.83,min,2026-09-06T16:31:50+03:00,2026-09-06,1788701510
bestchange,USDT_TRC20/RUB,89.349,p05,2026-09-06T16:31:50+03:00,2026-09-06,1788701510
bestchange,USDT_TRC20/RUB,92.60160004,median,2026-09-06T16:31:50+03:00,2026-09-06,1788701510
cbr,USD/RUB,86.5857,value,2026-09-05T11:30:00+03:00,2026-09-05,1788597000
cbr,CNY/RUB,12.8849,value,2026-09-05T11:30:00+03:00,2026-09-05,1788597000
forex,USD/RUB,86.56,value,2026-09-06T03:00:01+03:00,2026-09-06,1788652801
forex,CNY/RUB,12.9,value,2026-09-06T03:00:01+03:00,2026-09-06,1788652801
rbc_cash,USD/RUB,85.99,min,2026-09-06T19:50:30+03:00,2026-09-06,1788713430
rbc_cash,USD/RUB,86.5,p05,2026-09-06T19:50:30+03:00,2026-09-06,1788713430
rbc_cash,USD/RUB,88.1,median,2026-09-06T19:50:30+03:00,2026-09-06,1788713430
rbc_cash,CNY/RUB,13.0,min,2026-09-06T19:50:30+03:00,2026-09-06,1788713430
rbc_cash,CNY/RUB,13.35,p05,2026-09-06T19:50:30+03:00,2026-09-06,1788713430
rbc_cash,CNY/RUB,13.6,median,2026-09-06T19:50:30+03:00,2026-09-06,1788713430
bestchange,USDT_TRC20/RUB,87.93,min,2026-09-06T19:50:31+03:00,2026-09-06,1788713431
bestchange,USDT_TRC20/RUB,89.61347609,p05,2026-09-06T19:50:31+03:00,2026-09-06,1788713431
bestchange,USDT_TRC20/RUB,93.24704556,median,2026-09-06T19:50:31+03:00,2026-09-06,1788713431
cbr,USD/RUB,86.5857,value,2026-09-05T11:30:00+03:00,2026-09-05,1788597000
cbr,CNY/RUB,12.8849,value,2026-09-05T11:30:00+03:00,2026-09-05,1788597000
forex,USD/RUB,86.56,value,2026-09-06T03:00:01+03:00,2026-09-06,1788652801
forex,CNY/RUB,12.9,value,2026-09-06T03:00:01+03:00,2026-09-06,1788652801
rbc_cash,USD/RUB,86.29,min,2026-09-06T22:00:06+03:00,2026-09-06,1788721206
rbc_cash,USD/RUB,86.79,p05,2026-09-06T22:00:06+03:00,2026-09-06,1788721206
rbc_cash,USD/RUB,88.1,median,2026-09-06T22:00:06+03:00,2026-09-06,1788721206
rbc_cash,CNY/RUB,13.11,min,2026-09-06T22:00:06+03:00,2026-09-06,1788721206
rbc_cash,CNY/RUB,13.5,p05,2026-09-06T22:00:06+03:00,2026-09-06,1788721206
rbc_cash,CNY/RUB,13.6,median,2026-09-06T22:00:06+03:00,2026-09-06,1788721206
bestchange,USDT_TRC20/RUB,87.93,min,2026-09-06T22:00:07+03:00,2026-09-06,1788721207
bestchange,USDT_TRC20/RUB,89.58967927,p05,2026-09-06T22:00:07+03:00,2026-09-06,1788721207
bestchange,USDT_TRC20/RUB,92.4407,median,2026-09-06T22:00:07+03:00,2026-09-06,1788721207
cbr,USD/RUB,86.5857,value,2026-09-05T11:30:00+03:00,2026-09-05,1788597000
cbr,CNY/RUB,12.8849,value,2026-09-05T11:30:00+03:00,2026-09-05,1788597000
forex,USD/RUB,86.56,value,2026-09-06T03:00:01+03:00,2026-09-06,1788652801
forex,CNY/RUB,12.9,value,2026-09-06T03:00:01+03:00,2026-09-06,1788652801
rbc_cash,USD/RUB,86.5,min,2026-09-07T00:15:51+03:00,2026-09-07,1788729351
rbc_cash,USD/RUB,86.5,p05,2026-09-07T00:15:51+03:00,2026-09-07,1788729351
rbc_cash,USD/RUB,87.5,median,2026-09-07T00:15:51+03:00,2026-09-07,1788729351
rbc_cash,CNY/RUB,13.75,min,2026-09-07T00:15:51+03:00,2026-09-07,1788729351
rbc_cash,CNY/RUB,13.75,p05,2026-09-07T00:15:51+03:00,2026-09-07,1788729351
rbc_cash,CNY/RUB,13.825,median,2026-09-07T00:15:51+03:00,2026-09-07,1788729351
bestchange,USDT_TRC20/RUB,87.93,min,2026-09-07T00:15:51+03:00,2026-09-07,1788729351
bestchange,USDT_TRC20/RUB,89.50343809,p05,2026-09-07T00:15:51+03:00,2026-09-07,1788729351
bestchange,USDT_TRC20/RUB,92.1277,median,2026-09-07T00:15:51+03:00,2026-09-07,1788729351
cbr,USD/RUB,86.5857,value,2026-09-05T11:30:00+03:00,2026-09-05,1788597000
cbr,CNY/RUB,12.8849,value,2026-09-05T11:30:00+03:00,2026-09-05,1788597000
forex,USD/RUB,86.56,value,2026-09-06T03:00:01+03:00,2026-09-06,1788652801
forex,CNY/RUB,12.9,value,2026-09-06T03:00:01+03:00,2026-09-06,1788652801
rbc_cash,USD/RUB,86.5,min,2026-09-07T02:42:39+03:00,2026-09-07,1788738159
rbc_cash,USD/RUB,86.5,p05,2026-09-07T02:42:39+03:00,2026-09-07,1788738159
rbc_cash,USD/RUB,87.5,median,2026-09-07T02:42:39+03:00,2026-09-07,1788738159
rbc_cash,CNY/RUB,13.75,min,2026-09-07T02:42:39+03:00,2026-09-07,1788738159
rbc_cash,CNY/RUB,13.75,p05,2026-09-07T02:42:39+03:00,2026-09-07,1788738159
rbc_cash,CNY/RUB,13.825,median,2026-09-07T02:42:39+03:00,2026-09-07,1788738159
bestchange,USDT_TRC20/RUB,87.93,min,2026-09-07T02:42:40+03:00,2026-09-07,1788738160
bestchange,USDT_TRC20/RUB,89.50439504,p05,2026-09-07T02:42:40+03:00,2026-09-07,1788738160
bestchange,USDT_TRC20/RUB,92.31504994,median,2026-09-07T02:42:40+03:00,2026-09-07,1788738160
cbr,USD/RUB,86.5857,value,2026-09-05T11:30:00+03:00,2026-09-05,1788597000
cbr,CNY/RUB,12.8849,value,2026-09-05T11:30:00+03:00,2026-09-05,1788597000
forex,USD/RUB,86.08,value,2026-09-07T03:00:01+03:00,2026-09-07,1788739201
forex,CNY/RUB,12.9,value,2026-09-07T03:00:01+03:00,2026-09-07,1788739201
rbc_cash,USD/RUB,86.5,min,2026-09-07T07:13:34+03:00,2026-09-07,1788754414
rbc_cash,USD/RUB,86.5,p05,2026-09-07T07:13:34+03:00,2026-09-07,1788754414
rbc_cash,USD/RUB,87.5,median,2026-09-07T07:13:34+03:00,2026-09-07,1788754414
rbc_cash,CNY/RUB,13.75,min,2026-09-07T07:13:34+03:00,2026-09-07,1788754414
rbc_cash,CNY/RUB,13.75,p05,2026-09-07T07:13:34+03:00,2026-09-07,1788754414
rbc_cash,CNY/RUB,13.825,median,2026-09-07T07:13:34+03:00,2026-09-07,1788754414
bestchange,USDT_TRC20/RUB,87.93,min,2026-09-07T07:13:35+03:00,2026-09-07,1788754415
bestchange,USDT_TRC20/RUB,89.50429503,p05,2026-09-07T07:13:35+03:00,2026-09-07,1788754415
bestchange,USDT_TRC20/RUB,92.3531,median,2026-09-07T07:13:35+03:00,2026-09-07,1788754415
cbr,USD/RUB,86.5857,value,2026-09-05T11:30:00+03:00,2026-09-05,1788597000
cbr,CNY/RUB,12.8849,value,2026-09-05T11:30:00+03:00,2026-09-05,1788597000
forex,USD/RUB,86.08,value,2026-09-07T03:00:01+03:00,2026-09-07,1788739201
forex,CNY/RUB,12.9,value,2026-09-07T03:00:01+03:00,2026-09-07,1788739201
rbc_cash,USD/RUB,85.68,min,2026-09-07T13:05:34+03:00,2026-09-07,1788775534
rbc_cash,USD/RUB,86.5,p05,2026-09-07T13:05:34+03:00,2026-09-07,1788775534
rbc_cash,USD/RUB,88.5,median,2026-09-07T13:05:34+03:00,2026-09-07,1788775534
rbc_cash,CNY/RUB,13.0,min,2026-09-07T13:05:34+03:00,2026-09-07,1788775534
rbc_cash,CNY/RUB,13.2,p05,2026-09-07T13:05:34+03:00,2026-09-07,1788775534
rbc_cash,CNY/RUB,13.5,median,2026-09-07T13:05:34+03:00,2026-09-07,1788775534
bestchange,USDT_TRC20/RUB,87.83,min,2026-09-07T13:05:34+03:00,2026-09-07,1788775534
bestchange,USDT_TRC20/RUB,90.0,p05,2026-09-07T13:05:34+03:00,2026-09-07,1788775534
bestchange,USDT_TRC20/RUB,93.02205000000001,median,2026-09-07T13:05:34+03:00,2026-09-07,1788775534
cbr,USD/RUB,86.1909,value,2026-09-08T11:30:00+03:00,2026-09-08,1788856200
cbr,CNY/RUB,12.8537,value,2026-09-08T11:30:00+03:00,2026-09-08,1788856200
forex,USD/RUB,86.08,value,2026-09-07T03:00:01+03:00,2026-09-07,1788739201
forex,CNY/RUB,12.9,value,2026-09-07T03:00:01+03:00,2026-09-07,1788739201
rbc_cash,USD/RUB,85.72,min,2026-09-07T19:21:52+03:00,2026-09-07,1788798112
rbc_cash,USD/RUB,85.89,p05,2026-09-07T19:21:52+03:00,2026-09-07,1788798112
rbc_cash,USD/RUB,88.5,median,2026-09-07T19:21:52+03:00,2026-09-07,1788798112
rbc_cash,CNY/RUB,13.0,min,2026-09-07T19:21:52+03:00,2026-09-07,1788798112
rbc_cash,CNY/RUB,13.3,p05,2026-09-07T19:21:52+03:00,2026-09-07,1788798112
rbc_cash,CNY/RUB,13.5,median,2026-09-07T19:21:52+03:00,2026-09-07,1788798112
bestchange,USDT_TRC20/RUB,87.53,min,2026-09-07T19:21:53+03:00,2026-09-07,1788798113
bestchange,USDT_TRC20/RUB,89.67301236,p05,2026-09-07T19:21:53+03:00,2026-09-07,1788798113
bestchange,USDT_TRC20/RUB,92.967710525,median,2026-09-07T19:21:53+03:00,2026-09-07,1788798113
cbr,USD/RUB,86.1909,value,2026-09-08T11:30:00+03:00,2026-09-08,1788856200
cbr,CNY/RUB,12.8537,value,2026-09-08T11:30:00+03:00,2026-09-08,1788856200
forex,USD/RUB,86.08,value,2026-09-07T03:00:01+03:00,2026-09-07,1788739201
forex,CNY/RUB,12.9,value,2026-09-07T03:00:01+03:00,2026-09-07,1788739201
rbc_cash,USD/RUB,86.5,min,2026-09-07T23:26:35+03:00,2026-09-07,1788812795
rbc_cash,USD/RUB,86.5,p05,2026-09-07T23:26:35+03:00,2026-09-07,1788812795
rbc_cash,USD/RUB,88.0,median,2026-09-07T23:26:35+03:00,2026-09-07,1788812795
rbc_cash,CNY/RUB,13.7,min,2026-09-07T23:26:35+03:00,2026-09-07,1788812795
rbc_cash,CNY/RUB,13.7,p05,2026-09-07T23:26:35+03:00,2026-09-07,1788812795
rbc_cash,CNY/RUB,13.8,median,2026-09-07T23:26:35+03:00,2026-09-07,1788812795
bestchange,USDT_TRC20/RUB,87.53,min,2026-09-07T23:26:35+03:00,2026-09-07,1788812795
bestchange,USDT_TRC20/RUB,89.56759846,p05,2026-09-07T23:26:35+03:00,2026-09-07,1788812795
bestchange,USDT_TRC20/RUB,93.35420356,median,2026-09-07T23:26:35+03:00,2026-09-07,1788812795
cbr,USD/RUB,86.1909,value,2026-09-08T11:30:00+03:00,2026-09-08,1788856200
cbr,CNY/RUB,12.8537,value,2026-09-08T11:30:00+03:00,2026-09-08,1788856200
forex,USD/RUB,86.08,value,2026-09-07T03:00:01+03:00,2026-09-07,1788739201
forex,CNY/RUB,12.9,value,2026-09-07T03:00:01+03:00,2026-09-07,1788739201
rbc_cash,USD/RUB,86.5,min,2026-09-08T02:24:15+03:00,2026-09-08,1788823455
rbc_cash,USD/RUB,86.5,p05,2026-09-08T02:24:15+03:00,2026-09-08,1788823455
rbc_cash,USD/RUB,88.0,median,2026-09-08T02:24:15+03:00,2026-09-08,1788823455
rbc_cash,CNY/RUB,13.7,min,2026-09-08T02:24:15+03:00,2026-09-08,1788823455
rbc_cash,CNY/RUB,13.7,p05,2026-09-08T02:24:15+03:00,2026-09-08,1788823455
rbc_cash,CNY/RUB,13.8,median,2026-09-08T02:24:15+03:00,2026-09-08,1788823455
bestchange,USDT_TRC20/RUB,87.63,min,2026-09-08T02:24:16+03:00,2026-09-08,1788823456
bestchange,USDT_TRC20/RUB,89.6728,p05,2026-09-08T02:24:16+03:00,2026-09-08,1788823456
bestchange,USDT_TRC20/RUB,92.972658575,median,2026-09-08T02:24:16+03:00,2026-09-08,1788823456
cbr,USD/RUB,86.1909,value,2026-09-08T11:30:00+03:00,2026-09-08,1788856200
cbr,CNY/RUB,12.8537,value,2026-09-08T11:30:00+03:00,2026-09-08,1788856200
forex,USD/RUB,86.24,value,2026-09-08T03:00:01+03:00,2026-09-08,1788825601
forex,CNY/RUB,12.79,value,2026-09-08T03:00:01+03:00,2026-09-08,1788825601
rbc_cash,USD/RUB,86.5,min,2026-09-08T07:14:19+03:00,2026-09-08,1788840859
rbc_cash,USD/RUB,86.5,p05,2026-09-08T07:14:19+03:00,2026-09-08,1788840859
rbc_cash,USD/RUB,88.0,median,2026-09-08T07:14:19+03:00,2026-09-08,1788840859
rbc_cash,CNY/RUB,13.7,min,2026-09-08T07:14:19+03:00,2026-09-08,1788840859
rbc_cash,CNY/RUB,13.7,p05,2026-09-08T07:14:19+03:00,2026-09-08,1788840859
rbc_cash,CNY/RUB,13.8,median,2026-09-08T07:14:19+03:00,2026-09-08,1788840859
bestchange,USDT_TRC20/RUB,87.73,min,2026-09-08T07:14:19+03:00,2026-09-08,1788840859
bestchange,USDT_TRC20/RUB,89.67289999,p05,2026-09-08T07:14:19+03:00,2026-09-08,1788840859
bestchange,USDT_TRC20/RUB,93.0857,median,2026-09-08T07:14:19+03:00,2026-09-08,1788840859
cbr,USD/RUB,86.1909,value,2026-09-08T11:30:00+03:00,2026-09-08,1788856200
cbr,CNY/RUB,12.8537,value,2026-09-08T11:30:00+03:00,2026-09-08,1788856200
forex,USD/RUB,86.24,value,2026-09-08T03:00:01+03:00,2026-09-08,1788825601
forex,CNY/RUB,12.79,value,2026-09-08T03:00:01+03:00,2026-09-08,1788825601
rbc_cash,USD/RUB,86.15,min,2026-09-08T12:30:02+03:00,2026-09-08,1788859802
rbc_cash,USD/RUB,86.51,p05,2026-09-08T12:30:02+03:00,2026-09-08,1788859802
rbc_cash,USD/RUB,88.6,median,2026-09-08T12:30:02+03:00,2026-09-08,1788859802
rbc_cash,CNY/RUB,13.1,min,2026-09-08T12:30:02+03:00,2026-09-08,1788859802
rbc_cash,CNY/RUB,13.25,p05,2026-09-08T12:30:02+03:00,2026-09-08,1788859802
rbc_cash,CNY/RUB,13.55,median,2026-09-08T12:30:02+03:00,2026-09-08,1788859802
bestchange,USDT_TRC20/RUB,87.53,min,2026-09-08T12:30:02+03:00,2026-09-08,1788859802
bestchange,USDT_TRC20/RUB,89.6176,p05,2026-09-08T12:30:02+03:00,2026-09-08,1788859802
bestchange,USDT_TRC20/RUB,93.4208,median,2026-09-08T12:30:02+03:00,2026-09-08,1788859802
cbr,USD/RUB,86.1909,value,2026-09-08T11:30:00+03:00,2026-09-08,1788856200
cbr,CNY/RUB,12.8537,value,2026-09-08T11:30:00+03:00,2026-09-08,1788856200
forex,USD/RUB,86.24,value,2026-09-08T03:00:01+03:00,2026-09-08,1788825601
forex,CNY/RUB,12.79,value,2026-09-08T03:00:01+03:00,2026-09-08,1788825601
rbc_cash,USD/RUB,85.93,min,2026-09-08T17:20:24+03:00,2026-09-08,1788877224
rbc_cash,USD/RUB,86.29,p05,2026-09-08T17:20:24+03:00,2026-09-08,1788877224
rbc_cash,USD/RUB,88.5,median,2026-09-08T17:20:24+03:00,2026-09-08,1788877224
rbc_cash,CNY/RUB,13.08,min,2026-09-08T17:20:24+03:00,2026-09-08,1788877224
rbc_cash,CNY/RUB,13.2,p05,2026-09-08T17:20:24+03:00,2026-09-08,1788877224
rbc_cash,CNY/RUB,13.5,median,2026-09-08T17:20:24+03:00,2026-09-08,1788877224
bestchange,USDT_TRC20/RUB,87.63,min,2026-09-08T17:20:24+03:00,2026-09-08,1788877224
bestchange,USDT_TRC20/RUB,90.30160737,p05,2026-09-08T17:20:24+03:00,2026-09-08,1788877224
bestchange,USDT_TRC20/RUB,93.4999,median,2026-09-08T17:20:24+03:00,2026-09-08,1788877224
cbr,USD/RUB,86.473,value,2026-09-09T11:30:00+03:00,2026-09-09,1788942600
cbr,CNY/RUB,12.8842,value,2026-09-09T11:30:00+03:00,2026-09-09,1788942600
forex,USD/RUB,86.24,value,2026-09-08T03:00:01+03:00,2026-09-08,1788825601
forex,CNY/RUB,12.79,value,2026-09-08T03:00:01+03:00,2026-09-08,1788825601
rbc_cash,USD/RUB,85.98,min,2026-09-08T21:28:15+03:00,2026-09-08,1788892095
rbc_cash,USD/RUB,86.29,p05,2026-09-08T21:28:15+03:00,2026-09-08,1788892095
rbc_cash,USD/RUB,88.3,median,2026-09-08T21:28:15+03:00,2026-09-08,1788892095
rbc_cash,CNY/RUB,13.1,min,2026-09-08T21:28:15+03:00,2026-09-08,1788892095
rbc_cash,CNY/RUB,13.45,p05,2026-09-08T21:28:15+03:00,2026-09-08,1788892095
rbc_cash,CNY/RUB,13.6,median,2026-09-08T21:28:15+03:00,2026-09-08,1788892095
bestchange,USDT_TRC20/RUB,87.73,min,2026-09-08T21:28:16+03:00,2026-09-08,1788892096
bestchange,USDT_TRC20/RUB,89.7702,p05,2026-09-08T21:28:16+03:00,2026-09-08,1788892096
bestchange,USDT_TRC20/RUB,92.344291,median,2026-09-08T21:28:16+03:00,2026-09-08,1788892096
cbr,USD/RUB,86.473,value,2026-09-09T11:30:00+03:00,2026-09-09,1788942600
cbr,CNY/RUB,12.8842,value,2026-09-09T11:30:00+03:00,2026-09-09,1788942600
forex,USD/RUB,86.24,value,2026-09-08T03:00:01+03:00,2026-09-08,1788825601
forex,CNY/RUB,12.79,value,2026-09-08T03:00:01+03:00,2026-09-08,1788825601
rbc_cash,USD/RUB,86.5,min,2026-09-09T00:44:54+03:00,2026-09-09,1788903894
rbc_cash,USD/RUB,86.5,p05,2026-09-09T00:44:54+03:00,2026-09-09,1788903894
rbc_cash,USD/RUB,87.7,median,2026-09-09T00:44:54+03:00,2026-09-09,1788903894
rbc_cash,CNY/RUB,13.7,min,2026-09-09T00:44:54+03:00,2026-09-09,1788903894
rbc_cash,CNY/RUB,13.7,p05,2026-09-09T00:44:54+03:00,2026-09-09,1788903894
rbc_cash,CNY/RUB,13.8,median,2026-09-09T00:44:54+03:00,2026-09-09,1788903894
bestchange,USDT_TRC20/RUB,87.83,min,2026-09-09T00:44:55+03:00,2026-09-09,1788903895
bestchange,USDT_TRC20/RUB,89.7442,p05,2026-09-09T00:44:55+03:00,2026-09-09,1788903895
bestchange,USDT_TRC20/RUB,93.3252375,median,2026-09-09T00:44:55+03:00,2026-09-09,1788903895
cbr,USD/RUB,86.473,value,2026-09-09T11:30:00+03:00,2026-09-09,1788942600
cbr,CNY/RUB,12.8842,value,2026-09-09T11:30:00+03:00,2026-09-09,1788942600
forex,USD/RUB,86.24,value,2026-09-08T03:00:01+03:00,2026-09-08,1788825601
forex,CNY/RUB,12.79,value,2026-09-08T03:00:01+03:00,2026-09-08,1788825601
rbc_cash,USD/RUB,86.5,min,2026-09-09T02:59:37+03:00,2026-09-09,1788911977
rbc_cash,USD/RUB,86.5,p05,2026-09-09T02:59:37+03:00,2026-09-09,1788911977
rbc_cash,USD/RUB,87.7,median,2026-09-09T02:59:37+03:00,2026-09-09,1788911977
rbc_cash,CNY/RUB,13.7,min,2026-09-09T02:59:37+03:00,2026-09-09,1788911977
rbc_cash,CNY/RUB,13.7,p05,2026-09-09T02:59:37+03:00,2026-09-09,1788911977
rbc_cash,CNY/RUB,13.8,median,2026-09-09T02:59:37+03:00,2026-09-09,1788911977
bestchange,USDT_TRC20/RUB,87.83,min,2026-09-09T02:59:38+03:00,2026-09-09,1788911978
bestchange,USDT_TRC20/RUB,89.72469725,p05,2026-09-09T02:59:38+03:00,2026-09-09,1788911978
bestchange,USDT_TRC20/RUB,92.9288,median,2026-09-09T02:59:38+03:00,2026-09-09,1788911978
cbr,USD/RUB,86.473,value,2026-09-09T11:30:00+03:00,2026-09-09,1788942600
cbr,CNY/RUB,12.8842,value,2026-09-09T11:30:00+03:00,2026-09-09,1788942600
forex,USD/RUB,86.42,value,2026-09-09T03:00:01+03:00,2026-09-09,1788912001
forex,CNY/RUB,12.8,value,2026-09-09T03:00:01+03:00,2026-09-09,1788912001
rbc_cash,USD/RUB,86.5,min,2026-09-09T07:31:18+03:00,2026-09-09,1788928278
rbc_cash,USD/RUB,86.5,p05,2026-09-09T07:31:18+03:00,2026-09-09,1788928278
rbc_cash,USD/RUB,87.7,median,2026-09-09T07:31:18+03:00,2026-09-09,1788928278
rbc_cash,CNY/RUB,13.7,min,2026-09-09T07:31:18+03:00,2026-09-09,1788928278
rbc_cash,CNY/RUB,13.7,p05,2026-09-09T07:31:18+03:00,2026-09-09,1788928278
rbc_cash,CNY/RUB,13.8,median,2026-09-09T07:31:18+03:00,2026-09-09,1788928278
bestchange,USDT_TRC20/RUB,87.83,min,2026-09-09T07:31:18+03:00,2026-09-09,1788928278
bestchange,USDT_TRC20/RUB,89.6507965,p05,2026-09-09T07:31:18+03:00,2026-09-09,1788928278
bestchange,USDT_TRC20/RUB,92.457245985,median,2026-09-09T07:31:18+03:00,2026-09-09,1788928278
cbr,USD/RUB,86.473,value,2026-09-09T11:30:00+03:00,2026-09-09,1788942600
cbr,CNY/RUB,12.8842,value,2026-09-09T11:30:00+03:00,2026-09-09,1788942600
forex,USD/RUB,86.42,value,2026-09-09T03:00:01+03:00,2026-09-09,1788912001
forex,CNY/RUB,12.8,value,2026-09-09T03:00:01+03:00,2026-09-09,1788912001
rbc_cash,USD/RUB,85.2,min,2026-09-09T12:32:59+03:00,2026-09-09,1788946379
rbc_cash,USD/RUB,85.99,p05,2026-09-09T12:32:59+03:00,2026-09-09,1788946379
rbc_cash,USD/RUB,88.25,median,2026-09-09T12:32:59+03:00,2026-09-09,1788946379
rbc_cash,CNY/RUB,13.0,min,2026-09-09T12:32:59+03:00,2026-09-09,1788946379
rbc_cash,CNY/RUB,13.1,p05,2026-09-09T12:32:59+03:00,2026-09-09,1788946379
rbc_cash,CNY/RUB,13.5,median,2026-09-09T12:32:59+03:00,2026-09-09,1788946379
bestchange,USDT_TRC20/RUB,87.63,min,2026-09-09T12:33:00+03:00,2026-09-09,1788946380
bestchange,USDT_TRC20/RUB,89.3235,p05,2026-09-09T12:33:00+03:00,2026-09-09,1788946380
bestchange,USDT_TRC20/RUB,92.25318258,median,2026-09-09T12:33:00+03:00,2026-09-09,1788946380
cbr,USD/RUB,86.473,value,2026-09-09T11:30:00+03:00,2026-09-09,1788942600
cbr,CNY/RUB,12.8842,value,2026-09-09T11:30:00+03:00,2026-09-09,1788942600
forex,USD/RUB,86.42,value,2026-09-09T03:00:01+03:00,2026-09-09,1788912001
forex,CNY/RUB,12.8,value,2026-09-09T03:00:01+03:00,2026-09-09,1788912001
rbc_cash,USD/RUB,85.12,min,2026-09-09T17:21:22+03:00,2026-09-09,1788963682
rbc_cash,USD/RUB,85.45,p05,2026-09-09T17:21:22+03:00,2026-09-09,1788963682
rbc_cash,USD/RUB,88.0,median,2026-09-09T17:21:22+03:00,2026-09-09,1788963682
rbc_cash,CNY/RUB,12.98,min,2026-09-09T17:21:22+03:00,2026-09-09,1788963682
rbc_cash,CNY/RUB,13.05,p05,2026-09-09T17:21:22+03:00,2026-09-09,1788963682
rbc_cash,CNY/RUB,13.4,median,2026-09-09T17:21:22+03:00,2026-09-09,1788963682
bestchange,USDT_TRC20/RUB,87.23,min,2026-09-09T17:21:22+03:00,2026-09-09,1788963682
bestchange,USDT_TRC20/RUB,89.5268,p05,2026-09-09T17:21:22+03:00,2026-09-09,1788963682
bestchange,USDT_TRC20/RUB,92.72409999999999,median,2026-09-09T17:21:22+03:00,2026-09-09,1788963682
cbr,USD/RUB,85.4594,value,2026-09-10T11:30:00+03:00,2026-09-10,1789029000
cbr,CNY/RUB,12.7373,value,2026-09-10T11:30:00+03:00,2026-09-10,1789029000
forex,USD/RUB,86.42,value,2026-09-09T03:00:01+03:00,2026-09-09,1788912001
forex,CNY/RUB,12.8,value,2026-09-09T03:00:01+03:00,2026-09-09,1788912001
rbc_cash,USD/RUB,85.24,min,2026-09-09T21:27:33+03:00,2026-09-09,1788978453
rbc_cash,USD/RUB,85.74,p05,2026-09-09T21:27:33+03:00,2026-09-09,1788978453
rbc_cash,USD/RUB,87.7,median,2026-09-09T21:27:33+03:00,2026-09-09,1788978453
rbc_cash,CNY/RUB,13.1,min,2026-09-09T21:27:33+03:00,2026-09-09,1788978453
rbc_cash,CNY/RUB,13.4,p05,2026-09-09T21:27:33+03:00,2026-09-09,1788978453
rbc_cash,CNY/RUB,13.59,median,2026-09-09T21:27:33+03:00,2026-09-09,1788978453
bestchange,USDT_TRC20/RUB,87.23,min,2026-09-09T21:27:34+03:00,2026-09-09,1788978454
bestchange,USDT_TRC20/RUB,88.8592,p05,2026-09-09T21:27:34+03:00,2026-09-09,1788978454
bestchange,USDT_TRC20/RUB,92.000335775,median,2026-09-09T21:27:34+03:00,2026-09-09,1788978454
cbr,USD/RUB,85.4594,value,2026-09-10T11:30:00+03:00,2026-09-10,1789029000
cbr,CNY/RUB,12.7373,value,2026-09-10T11:30:00+03:00,2026-09-10,1789029000
forex,USD/RUB,86.42,value,2026-09-09T03:00:01+03:00,2026-09-09,1788912001
forex,CNY/RUB,12.8,value,2026-09-09T03:00:01+03:00,2026-09-09,1788912001
rbc_cash,USD/RUB,86.0,min,2026-09-10T00:36:42+03:00,2026-09-10,1788989802
rbc_cash,USD/RUB,86.0,p05,2026-09-10T00:36:42+03:00,2026-09-10,1788989802
rbc_cash,USD/RUB,86.9,median,2026-09-10T00:36:42+03:00,2026-09-10,1788989802
rbc_cash,CNY/RUB,13.6,min,2026-09-10T00:36:42+03:00,2026-09-10,1788989802
rbc_cash,CNY/RUB,13.6,p05,2026-09-10T00:36:42+03:00,2026-09-10,1788989802
rbc_cash,CNY/RUB,13.75,median,2026-09-10T00:36:42+03:00,2026-09-10,1788989802
bestchange,USDT_TRC20/RUB,87.29,min,2026-09-10T00:36:42+03:00,2026-09-10,1788989802
bestchange,USDT_TRC20/RUB,88.888,p05,2026-09-10T00:36:42+03:00,2026-09-10,1788989802
bestchange,USDT_TRC20/RUB,92.2134,median,2026-09-10T00:36:42+03:00,2026-09-10,1788989802
cbr,USD/RUB,85.4594,value,2026-09-10T11:30:00+03:00,2026-09-10,1789029000
cbr,CNY/RUB,12.7373,value,2026-09-10T11:30:00+03:00,2026-09-10,1789029000
forex,USD/RUB,86.42,value,2026-09-09T03:00:01+03:00,2026-09-09,1788912001
forex,CNY/RUB,12.8,value,2026-09-09T03:00:01+03:00,2026-09-09,1788912001
rbc_cash,USD/RUB,86.0,min,2026-09-10T03:01:32+03:00,2026-09-10,1788998492
rbc_cash,USD/RUB,86.0,p05,2026-09-10T03:01:32+03:00,2026-09-10,1788998492
rbc_cash,USD/RUB,86.9,median,2026-09-10T03:01:32+03:00,2026-09-10,1788998492
rbc_cash,CNY/RUB,13.6,min,2026-09-10T03:01:32+03:00,2026-09-10,1788998492
rbc_cash,CNY/RUB,13.6,p05,2026-09-10T03:01:32+03:00,2026-09-10,1788998492
rbc_cash,CNY/RUB,13.75,median,2026-09-10T03:01:32+03:00,2026-09-10,1788998492
bestchange,USDT_TRC20/RUB,87.33,min,2026-09-10T03:01:33+03:00,2026-09-10,1788998493
bestchange,USDT_TRC20/RUB,88.9728,p05,2026-09-10T03:01:33+03:00,2026-09-10,1788998493
bestchange,USDT_TRC20/RUB,92.0164,median,2026-09-10T03:01:33+03:00,2026-09-10,1788998493
cbr,USD/RUB,85.4594,value,2026-09-10T11:30:00+03:00,2026-09-10,1789029000
cbr,CNY/RUB,12.7373,value,2026-09-10T11:30:00+03:00,2026-09-10,1789029000
forex,USD/RUB,85.34,value,2026-09-10T03:00:01+03:00,2026-09-10,1788998401
forex,CNY/RUB,12.82,value,2026-09-10T03:00:01+03:00,2026-09-10,1788998401
rbc_cash,USD/RUB,86.0,min,2026-09-10T08:46:10+03:00,2026-09-10,1789019170
rbc_cash,USD/RUB,86.5,p05,2026-09-10T08:46:10+03:00,2026-09-10,1789019170
rbc_cash,USD/RUB,88.2,median,2026-09-10T08:46:10+03:00,2026-09-10,1789019170
rbc_cash,CNY/RUB,13.6,min,2026-09-10T08:46:10+03:00,2026-09-10,1789019170
rbc_cash,CNY/RUB,13.6,p05,2026-09-10T08:46:10+03:00,2026-09-10,1789019170
rbc_cash,CNY/RUB,13.825,median,2026-09-10T08:46:10+03:00,2026-09-10,1789019170
bestchange,USDT_TRC20/RUB,87.33,min,2026-09-10T08:46:10+03:00,2026-09-10,1789019170
bestchange,USDT_TRC20/RUB,88.97266913,p05,2026-09-10T08:46:10+03:00,2026-09-10,1789019170
bestchange,USDT_TRC20/RUB,92.4,median,2026-09-10T08:46:10+03:00,2026-09-10,1789019170
cbr,USD/RUB,85.4594,value,2026-09-10T11:30:00+03:00,2026-09-10,1789029000
cbr,CNY/RUB,12.7373,value,2026-09-10T11:30:00+03:00,2026-09-10,1789029000
forex,USD/RUB,85.34,value,2026-09-10T03:00:01+03:00,2026-09-10,1788998401
forex,CNY/RUB,12.82,value,2026-09-10T03:00:01+03:00,2026-09-10,1788998401
rbc_cash,USD/RUB,84.6,min,2026-09-10T14:04:37+03:00,2026-09-10,1789038277
rbc_cash,USD/RUB,85.05,p05,2026-09-10T14:04:37+03:00,2026-09-10,1789038277
rbc_cash,USD/RUB,87.2,median,2026-09-10T14:04:37+03:00,2026-09-10,1789038277
rbc_cash,CNY/RUB,12.82,min,2026-09-10T14:04:37+03:00,2026-09-10,1789038277
rbc_cash,CNY/RUB,12.9,p05,2026-09-10T14:04:37+03:00,2026-09-10,1789038277
rbc_cash,CNY/RUB,13.3,median,2026-09-10T14:04:37+03:00,2026-09-10,1789038277
bestchange,USDT_TRC20/RUB,87.23,min,2026-09-10T14:04:37+03:00,2026-09-10,1789038277
bestchange,USDT_TRC20/RUB,88.85729518,p05,2026-09-10T14:04:37+03:00,2026-09-10,1789038277
bestchange,USDT_TRC20/RUB,92.0236,median,2026-09-10T14:04:37+03:00,2026-09-10,1789038277
cbr,USD/RUB,84.3508,value,2026-09-11T11:30:00+03:00,2026-09-11,1789115400
cbr,CNY/RUB,12.5637,value,2026-09-11T11:30:00+03:00,2026-09-11,1789115400
forex,USD/RUB,85.34,value,2026-09-10T03:00:01+03:00,2026-09-10,1788998401
forex,CNY/RUB,12.82,value,2026-09-10T03:00:01+03:00,2026-09-10,1788998401
rbc_cash,USD/RUB,84.42,min,2026-09-10T19:15:05+03:00,2026-09-10,1789056905
rbc_cash,USD/RUB,85.29,p05,2026-09-10T19:15:05+03:00,2026-09-10,1789056905
rbc_cash,USD/RUB,87.2,median,2026-09-10T19:15:05+03:00,2026-09-10,1789056905
rbc_cash,CNY/RUB,12.82,min,2026-09-10T19:15:05+03:00,2026-09-10,1789056905
rbc_cash,CNY/RUB,12.94,p05,2026-09-10T19:15:05+03:00,2026-09-10,1789056905
rbc_cash,CNY/RUB,13.3,median,2026-09-10T19:15:05+03:00,2026-09-10,1789056905
bestchange,USDT_TRC20/RUB,86.93,min,2026-09-10T19:15:05+03:00,2026-09-10,1789056905
bestchange,USDT_TRC20/RUB,88.92841263,p05,2026-09-10T19:15:05+03:00,2026-09-10,1789056905
bestchange,USDT_TRC20/RUB,92.67618739,median,2026-09-10T19:15:05+03:00,2026-09-10,1789056905
cbr,USD/RUB,84.3508,value,2026-09-11T11:30:00+03:00,2026-09-11,1789115400
cbr,CNY/RUB,12.5637,value,2026-09-11T11:30:00+03:00,2026-09-11,1789115400
forex,USD/RUB,85.34,value,2026-09-10T03:00:01+03:00,2026-09-10,1788998401
forex,CNY/RUB,12.82,value,2026-09-10T03:00:01+03:00,2026-09-10,1788998401
rbc_cash,USD/RUB,85.5,min,2026-09-10T22:30:58+03:00,2026-09-10,1789068658
rbc_cash,USD/RUB,85.5,p05,2026-09-10T22:30:58+03:00,2026-09-10,1789068658
rbc_cash,USD/RUB,86.5,median,2026-09-10T22:30:58+03:00,2026-09-10,1789068658
rbc_cash,CNY/RUB,13.4,min,2026-09-10T22:30:58+03:00,2026-09-10,1789068658
rbc_cash,CNY/RUB,13.4,p05,2026-09-10T22:30:58+03:00,2026-09-10,1789068658
rbc_cash,CNY/RUB,13.5,median,2026-09-10T22:30:58+03:00,2026-09-10,1789068658
bestchange,USDT_TRC20/RUB,86.93,min,2026-09-10T22:30:58+03:00,2026-09-10,1789068658
bestchange,USDT_TRC20/RUB,88.77553248,p05,2026-09-10T22:30:58+03:00,2026-09-10,1789068658
bestchange,USDT_TRC20/RUB,91.6722,median,2026-09-10T22:30:58+03:00,2026-09-10,1789068658
cbr,USD/RUB,84.3508,value,2026-09-11T11:30:00+03:00,2026-09-11,1789115400
cbr,CNY/RUB,12.5637,value,2026-09-11T11:30:00+03:00,2026-09-11,1789115400
forex,USD/RUB,85.34,value,2026-09-10T03:00:01+03:00,2026-09-10,1788998401
forex,CNY/RUB,12.82,value,2026-09-10T03:00:01+03:00,2026-09-10,1788998401
rbc_cash,USD/RUB,85.5,min,2026-09-11T01:24:54+03:00,2026-09-11,1789079094
rbc_cash,USD/RUB,85.5,p05,2026-09-11T01:24:54+03:00,2026-09-11,1789079094
rbc_cash,USD/RUB,86.5,median,2026-09-11T01:24:54+03:00,2026-09-11,1789079094
rbc_cash,CNY/RUB,13.5,min,2026-09-11T01:24:54+03:00,2026-09-11,1789079094
rbc_cash,CNY/RUB,13.5,p05,2026-09-11T01:24:54+03:00,2026-09-11,1789079094
rbc_cash,CNY/RUB,13.55,median,2026-09-11T01:24:54+03:00,2026-09-11,1789079094
bestchange,USDT_TRC20/RUB,86.93,min,2026-09-11T01:24:54+03:00,2026-09-11,1789079094
bestchange,USDT_TRC20/RUB,88.7987,p05,2026-09-11T01:24:54+03:00,2026-09-11,1789079094
bestchange,USDT_TRC20/RUB,91.7398,median,2026-09-11T01:24:54+03:00,2026-09-11,1789079094
cbr,USD/RUB,84.3508,value,2026-09-11T11:30:00+03:00,2026-09-11,1789115400
cbr,CNY/RUB,12.5637,value,2026-09-11T11:30:00+03:00,2026-09-11,1789115400
forex,USD/RUB,84.37,value,2026-09-11T03:00:01+03:00,2026-09-11,1789084801
forex,CNY/RUB,12.69,value,2026-09-11T03:00:01+03:00,2026-09-11,1789084801
rbc_cash,USD/RUB,85.5,min,2026-09-11T03:54:26+03:00,2026-09-11,1789088066
rbc_cash,USD/RUB,85.5,p05,2026-09-11T03:54:26+03:00,2026-09-11,1789088066
rbc_cash,USD/RUB,86.5,median,2026-09-11T03:54:26+03:00,2026-09-11,1789088066
rbc_cash,CNY/RUB,13.5,min,2026-09-11T03:54:26+03:00,2026-09-11,1789088066
rbc_cash,CNY/RUB,13.5,p05,2026-09-11T03:54:26+03:00,2026-09-11,1789088066
rbc_cash,CNY/RUB,13.55,median,2026-09-11T03:54:26+03:00,2026-09-11,1789088066
bestchange,USDT_TRC20/RUB,86.93,min,2026-09-11T03:54:26+03:00,2026-09-11,1789088066
bestchange,USDT_TRC20/RUB,88.7933,p05,2026-09-11T03:54:26+03:00,2026-09-11,1789088066
bestchange,USDT_TRC20/RUB,91.749,median,2026-09-11T03:54:26+03:00,2026-09-11,1789088066
cbr,USD/RUB,84.3508,value,2026-09-11T11:30:00+03:00,2026-09-11,1789115400
cbr,CNY/RUB,12.5637,value,2026-09-11T11:30:00+03:00,2026-09-11,1789115400
forex,USD/RUB,84.37,value,2026-09-11T03:00:01+03:00,2026-09-11,1789084801
forex,CNY/RUB,12.69,value,2026-09-11T03:00:01+03:00,2026-09-11,1789084801
rbc_cash,USD/RUB,85.5,min,2026-09-11T08:46:17+03:00,2026-09-11,1789105577
rbc_cash,USD/RUB,85.5,p05,2026-09-11T08:46:17+03:00,2026-09-11,1789105577
rbc_cash,USD/RUB,87.1,median,2026-09-11T08:46:17+03:00,2026-09-11,1789105577
rbc_cash,CNY/RUB,13.5,min,2026-09-11T08:46:17+03:00,2026-09-11,1789105577
rbc_cash,CNY/RUB,13.5,p05,2026-09-11T08:46:17+03:00,2026-09-11,1789105577
rbc_cash,CNY/RUB,13.6,median,2026-09-11T08:46:17+03:00,2026-09-11,1789105577
bestchange,USDT_TRC20/RUB,86.93,min,2026-09-11T08:46:18+03:00,2026-09-11,1789105578
bestchange,USDT_TRC20/RUB,88.8093,p05,2026-09-11T08:46:18+03:00,2026-09-11,1789105578
bestchange,USDT_TRC20/RUB,91.75546611,median,2026-09-11T08:46:18+03:00,2026-09-11,1789105578
cbr,USD/RUB,84.3508,value,2026-09-11T11:30:00+03:00,2026-09-11,1789115400
cbr,CNY/RUB,12.5637,value,2026-09-11T11:30:00+03:00,2026-09-11,1789115400
forex,USD/RUB,84.37,value,2026-09-11T03:00:01+03:00,2026-09-11,1789084801
forex,CNY/RUB,12.69,value,2026-09-11T03:00:01+03:00,2026-09-11,1789084801
rbc_cash,USD/RUB,84.08,min,2026-09-11T14:03:14+03:00,2026-09-11,1789124594
rbc_cash,USD/RUB,84.49,p05,2026-09-11T14:03:14+03:00,2026-09-11,1789124594
rbc_cash,USD/RUB,86.9,median,2026-09-11T14:03:14+03:00,2026-09-11,1789124594
rbc_cash,CNY/RUB,12.8,min,2026-09-11T14:03:14+03:00,2026-09-11,1789124594
rbc_cash,CNY/RUB,12.91,p05,2026-09-11T14:03:14+03:00,2026-09-11,1789124594
rbc_cash,CNY/RUB,13.3,median,2026-09-11T14:03:14+03:00,2026-09-11,1789124594
bestchange,USDT_TRC20/RUB,86.83,min,2026-09-11T14:03:14+03:00,2026-09-11,1789124594
bestchange,USDT_TRC20/RUB,88.7755324,p05,2026-09-11T14:03:14+03:00,2026-09-11,1789124594
bestchange,USDT_TRC20/RUB,92.11250000000001,median,2026-09-11T14:03:14+03:00,2026-09-11,1789124594
cbr,USD/RUB,84.2569,value,2026-09-12T11:30:00+03:00,2026-09-12,1789201800
cbr,CNY/RUB,12.5519,value,2026-09-12T11:30:00+03:00,2026-09-12,1789201800
forex,USD/RUB,84.37,value,2026-09-11T03:00:01+03:00,2026-09-11,1789084801
forex,CNY/RUB,12.69,value,2026-09-11T03:00:01+03:00,2026-09-11,1789084801
rbc_cash,USD/RUB,84.38,min,2026-09-11T19:19:03+03:00,2026-09-11,1789143543
rbc_cash,USD/RUB,84.89,p05,2026-09-11T19:19:03+03:00,2026-09-11,1789143543
rbc_cash,USD/RUB,87.1,median,2026-09-11T19:19:03+03:00,2026-09-11,1789143543
rbc_cash,CNY/RUB,12.87,min,2026-09-11T19:19:03+03:00,2026-09-11,1789143543
rbc_cash,CNY/RUB,12.95,p05,2026-09-11T19:19:03+03:00,2026-09-11,1789143543
rbc_cash,CNY/RUB,13.295,median,2026-09-11T19:19:03+03:00,2026-09-11,1789143543
bestchange,USDT_TRC20/RUB,86.02,min,2026-09-11T19:19:03+03:00,2026-09-11,1789143543
bestchange,USDT_TRC20/RUB,88.8147,p05,2026-09-11T19:19:03+03:00,2026-09-11,1789143543
bestchange,USDT_TRC20/RUB,92.584164325,median,2026-09-11T19:19:03+03:00,2026-09-11,1789143543
cbr,USD/RUB,84.2569,value,2026-09-12T11:30:00+03:00,2026-09-12,1789201800
cbr,CNY/RUB,12.5519,value,2026-09-12T11:30:00+03:00,2026-09-12,1789201800
forex,USD/RUB,84.37,value,2026-09-11T03:00:01+03:00,2026-09-11,1789084801
forex,CNY/RUB,12.69,value,2026-09-11T03:00:01+03:00,2026-09-11,1789084801
rbc_cash,USD/RUB,85.5,min,2026-09-11T22:30:59+03:00,2026-09-11,1789155059
rbc_cash,USD/RUB,85.5,p05,2026-09-11T22:30:59+03:00,2026-09-11,1789155059
rbc_cash,USD/RUB,86.2,median,2026-09-11T22:30:59+03:00,2026-09-11,1789155059
rbc_cash,CNY/RUB,13.4,min,2026-09-11T22:30:59+03:00,2026-09-11,1789155059
rbc_cash,CNY/RUB,13.4,p05,2026-09-11T22:30:59+03:00,2026-09-11,1789155059
rbc_cash,CNY/RUB,13.5,median,2026-09-11T22:30:59+03:00,2026-09-11,1789155059
bestchange,USDT_TRC20/RUB,86.02,min,2026-09-11T22:30:59+03:00,2026-09-11,1789155059
bestchange,USDT_TRC20/RUB,88.89,p05,2026-09-11T22:30:59+03:00,2026-09-11,1789155059
bestchange,USDT_TRC20/RUB,92.34754017,median,2026-09-11T22:30:59+03:00,2026-09-11,1789155059
cbr,USD/RUB,84.2569,value,2026-09-12T11:30:00+03:00,2026-09-12,1789201800
cbr,CNY/RUB,12.5519,value,2026-09-12T11:30:00+03:00,2026-09-12,1789201800
forex,USD/RUB,84.37,value,2026-09-11T03:00:01+03:00,2026-09-11,1789084801
forex,CNY/RUB,12.69,value,2026-09-11T03:00:01+03:00,2026-09-11,1789084801
rbc_cash,USD/RUB,85.5,min,2026-09-12T01:24:48+03:00,2026-09-12,1789165488
rbc_cash,USD/RUB,85.5,p05,2026-09-12T01:24:48+03:00,2026-09-12,1789165488
rbc_cash,USD/RUB,86.2,median,2026-09-12T01:24:48+03:00,2026-09-12,1789165488
rbc_cash,CNY/RUB,13.5,min,2026-09-12T01:24:48+03:00,2026-09-12,1789165488
rbc_cash,CNY/RUB,13.5,p05,2026-09-12T01:24:48+03:00,2026-09-12,1789165488
rbc_cash,CNY/RUB,13.525,median,2026-09-12T01:24:48+03:00,2026-09-12,1789165488
bestchange,USDT_TRC20/RUB,86.02,min,2026-09-12T01:24:49+03:00,2026-09-12,1789165489
bestchange,USDT_TRC20/RUB,88.89,p05,2026-09-12T01:24:49+03:00,2026-09-12,1789165489
bestchange,USDT_TRC20/RUB,92.085,median,2026-09-12T01:24:49+03:00,2026-09-12,1789165489
cbr,USD/RUB,84.2569,value,2026-09-12T11:30:00+03:00,2026-09-12,1789201800
cbr,CNY/RUB,12.5519,value,2026-09-12T11:30:00+03:00,2026-09-12,1789201800
forex,USD/RUB,84.24,value,2026-09-12T03:00:01+03:00,2026-09-12,1789171201
forex,CNY/RUB,12.5,value,2026-09-12T03:00:01+03:00,2026-09-12,1789171201
rbc_cash,USD/RUB,85.5,min,2026-09-12T04:00:10+03:00,2026-09-12,1789174810
rbc_cash,USD/RUB,85.5,p05,2026-09-12T04:00:10+03:00,2026-09-12,1789174810
rbc_cash,USD/RUB,86.2,median,2026-09-12T04:00:10+03:00,2026-09-12,1789174810
rbc_cash,CNY/RUB,13.5,min,2026-09-12T04:00:10+03:00,2026-09-12,1789174810
rbc_cash,CNY/RUB,13.5,p05,2026-09-12T04:00:10+03:00,2026-09-12,1789174810
rbc_cash,CNY/RUB,13.525,median,2026-09-12T04:00:10+03:00,2026-09-12,1789174810
bestchange,USDT_TRC20/RUB,86.02,min,2026-09-12T04:00:11+03:00,2026-09-12,1789174811
bestchange,USDT_TRC20/RUB,88.64317297,p05,2026-09-12T04:00:11+03:00,2026-09-12,1789174811
bestchange,USDT_TRC20/RUB,92.0955,median,2026-09-12T04:00:11+03:00,2026-09-12,1789174811
cbr,USD/RUB,84.2569,value,2026-09-12T11:30:00+03:00,2026-09-12,1789201800
cbr,CNY/RUB,12.5519,value,2026-09-12T11:30:00+03:00,2026-09-12,1789201800
forex,USD/RUB,84.24,value,2026-09-12T03:00:01+03:00,2026-09-12,1789171201
forex,CNY/RUB,12.5,value,2026-09-12T03:00:01+03:00,2026-09-12,1789171201
rbc_cash,USD/RUB,86.2,min,2026-09-12T08:41:07+03:00,2026-09-12,1789191667
rbc_cash,USD/RUB,86.2,p05,2026-09-12T08:41:07+03:00,2026-09-12,1789191667
rbc_cash,USD/RUB,86.2,median,2026-09-12T08:41:07+03:00,2026-09-12,1789191667
rbc_cash,CNY/RUB,13.55,min,2026-09-12T08:41:07+03:00,2026-09-12,1789191667
rbc_cash,CNY/RUB,13.55,p05,2026-09-12T08:41:07+03:00,2026-09-12,1789191667
rbc_cash,CNY/RUB,13.55,median,2026-09-12T08:41:07+03:00,2026-09-12,1789191667
bestchange,USDT_TRC20/RUB,86.02,min,2026-09-12T08:41:07+03:00,2026-09-12,1789191667
bestchange,USDT_TRC20/RUB,88.64398643,p05,2026-09-12T08:41:07+03:00,2026-09-12,1789191667
bestchange,USDT_TRC20/RUB,92.0535,median,2026-09-12T08:41:07+03:00,2026-09-12,1789191667
cbr,USD/RUB,84.2569,value,2026-09-12T11:30:00+03:00,2026-09-12,1789201800
cbr,CNY/RUB,12.5519,value,2026-09-12T11:30:00+03:00,2026-09-12,1789201800
forex,USD/RUB,84.24,value,2026-09-12T03:00:01+03:00,2026-09-12,1789171201
forex,CNY/RUB,12.5,value,2026-09-12T03:00:01+03:00,2026-09-12,1789171201
rbc_cash,USD/RUB,84.7,min,2026-09-12T13:32:25+03:00,2026-09-12,1789209145
rbc_cash,USD/RUB,85.7,p05,2026-09-12T13:32:25+03:00,2026-09-12,1789209145
rbc_cash,USD/RUB,87.2,median,2026-09-12T13:32:25+03:00,2026-09-12,1789209145
rbc_cash,CNY/RUB,12.9,min,2026-09-12T13:32:25+03:00,2026-09-12,1789209145
rbc_cash,CNY/RUB,12.98,p05,2026-09-12T13:32:25+03:00,2026-09-12,1789209145
rbc_cash,CNY/RUB,13.39,median,2026-09-12T13:32:25+03:00,2026-09-12,1789209145
bestchange,USDT_TRC20/RUB,86.02,min,2026-09-12T13:32:25+03:00,2026-09-12,1789209145
bestchange,USDT_TRC20/RUB,88.7188,p05,2026-09-12T13:32:25+03:00,2026-09-12,1789209145
bestchange,USDT_TRC20/RUB,92.39394737,median,2026-09-12T13:32:25+03:00,2026-09-12,1789209145
cbr,USD/RUB,84.2569,value,2026-09-12T11:30:00+03:00,2026-09-12,1789201800
cbr,CNY/RUB,12.5519,value,2026-09-12T11:30:00+03:00,2026-09-12,1789201800
forex,USD/RUB,84.24,value,2026-09-12T03:00:01+03:00,2026-09-12,1789171201
forex,CNY/RUB,12.5,value,2026-09-12T03:00:01+03:00,2026-09-12,1789171201
rbc_cash,USD/RUB,84.57,min,2026-09-12T16:58:26+03:00,2026-09-12,1789221506
rbc_cash,USD/RUB,85.35,p05,2026-09-12T16:58:26+03:00,2026-09-12,1789221506
rbc_cash,USD/RUB,87.0,median,2026-09-12T16:58:26+03:00,2026-09-12,1789221506
rbc_cash,CNY/RUB,12.9,min,2026-09-12T16:58:26+03:00,2026-09-12,1789221506
rbc_cash,CNY/RUB,12.98,p05,2026-09-12T16:58:26+03:00,2026-09-12,1789221506
rbc_cash,CNY/RUB,13.4,median,2026-09-12T16:58:26+03:00,2026-09-12,1789221506
bestchange,USDT_TRC20/RUB,86.02,min,2026-09-12T16:58:26+03:00,2026-09-12,1789221506
bestchange,USDT_TRC20/RUB,88.5355,p05,2026-09-12T16:58:26+03:00,2026-09-12,1789221506
bestchange,USDT_TRC20/RUB,92.41662564,median,2026-09-12T16:58:26+03:00,2026-09-12,1789221506
cbr,USD/RUB,84.2569,value,2026-09-12T11:30:00+03:00,2026-09-12,1789201800
cbr,CNY/RUB,12.5519,value,2026-09-12T11:30:00+03:00,2026-09-12,1789201800
forex,USD/RUB,84.24,value,2026-09-12T03:00:01+03:00,2026-09-12,1789171201
forex,CNY/RUB,12.5,value,2026-09-12T03:00:01+03:00,2026-09-12,1789171201
rbc_cash,USD/RUB,85.69,min,2026-09-12T19:59:32+03:00,2026-09-12,1789232372
rbc_cash,USD/RUB,85.9,p05,2026-09-12T19:59:32+03:00,2026-09-12,1789232372
rbc_cash,USD/RUB,87.0,median,2026-09-12T19:59:32+03:00,2026-09-12,1789232372
rbc_cash,CNY/RUB,12.9,min,2026-09-12T19:59:32+03:00,2026-09-12,1789232372
rbc_cash,CNY/RUB,13.1,p05,2026-09-12T19:59:32+03:00,2026-09-12,1789232372
rbc_cash,CNY/RUB,13.4,median,2026-09-12T19:59:32+03:00,2026-09-12,1789232372
bestchange,USDT_TRC20/RUB,86.12,min,2026-09-12T19:59:33+03:00,2026-09-12,1789232373
bestchange,USDT_TRC20/RUB,88.33569,p05,2026-09-12T19:59:33+03:00,2026-09-12,1789232373
bestchange,USDT_TRC20/RUB,92.00002563,median,2026-09-12T19:59:33+03:00,2026-09-12,1789232373
cbr,USD/RUB,84.2569,value,2026-09-12T11:30:00+03:00,2026-09-12,1789201800
cbr,CNY/RUB,12.5519,value,2026-09-12T11:30:00+03:00,2026-09-12,1789201800
forex,USD/RUB,84.24,value,2026-09-12T03:00:01+03:00,2026-09-12,1789171201
forex,CNY/RUB,12.5,value,2026-09-12T03:00:01+03:00,2026-09-12,1789171201
rbc_cash,USD/RUB,86.5,min,2026-09-12T22:12:44+03:00,2026-09-12,1789240364
rbc_cash,USD/RUB,86.5,p05,2026-09-12T22:12:44+03:00,2026-09-12,1789240364
rbc_cash,USD/RUB,86.75,median,2026-09-12T22:12:44+03:00,2026-09-12,1789240364
rbc_cash,CNY/RUB,13.3,min,2026-09-12T22:12:44+03:00,2026-09-12,1789240364
rbc_cash,CNY/RUB,13.3,p05,2026-09-12T22:12:44+03:00,2026-09-12,1789240364
rbc_cash,CNY/RUB,13.5,median,2026-09-12T22:12:44+03:00,2026-09-12,1789240364
bestchange,USDT_TRC20/RUB,86.12,min,2026-09-12T22:12:44+03:00,2026-09-12,1789240364
bestchange,USDT_TRC20/RUB,88.50340738,p05,2026-09-12T22:12:44+03:00,2026-09-12,1789240364
bestchange,USDT_TRC20/RUB,92.33329434,median,2026-09-12T22:12:44+03:00,2026-09-12,1789240364
cbr,USD/RUB,84.2569,value,2026-09-12T11:30:00+03:00,2026-09-12,1789201800
cbr,CNY/RUB,12.5519,value,2026-09-12T11:30:00+03:00,2026-09-12,1789201800
forex,USD/RUB,84.24,value,2026-09-12T03:00:01+03:00,2026-09-12,1789171201
forex,CNY/RUB,12.5,value,2026-09-12T03:00:01+03:00,2026-09-12,1789171201
rbc_cash,USD/RUB,86.7,min,2026-09-13T01:08:36+03:00,2026-09-13,1789250916
rbc_cash,USD/RUB,86.7,p05,2026-09-13T01:08:36+03:00,2026-09-13,1789250916
rbc_cash,USD/RUB,86.7,median,2026-09-13T01:08:36+03:00,2026-09-13,1789250916
rbc_cash,CNY/RUB,13.55,min,2026-09-13T01:08:36+03:00,2026-09-13,1789250916
rbc_cash,CNY/RUB,13.55,p05,2026-09-13T01:08:36+03:00,2026-09-13,1789250916
rbc_cash,CNY/RUB,13.55,median,2026-09-13T01:08:36+03:00,2026-09-13,1789250916
bestchange,USDT_TRC20/RUB,86.22,min,2026-09-13T01:08:36+03:00,2026-09-13,1789250916
bestchange,USDT_TRC20/RUB,88.563,p05,2026-09-13T01:08:36+03:00,2026-09-13,1789250916
bestchange,USDT_TRC20/RUB,91.96215403,median,2026-09-13T01:08:36+03:00,2026-09-13,1789250916
cbr,USD/RUB,84.2569,value,2026-09-12T11:30:00+03:00,2026-09-12,1789201800
cbr,CNY/RUB,12.5519,value,2026-09-12T11:30:00+03:00,2026-09-12,1789201800
forex,USD/RUB,84.36,value,2026-09-13T03:00:01+03:00,2026-09-13,1789257601
forex,CNY/RUB,12.5,value,2026-09-13T03:00:01+03:00,2026-09-13,1789257601
rbc_cash,USD/RUB,86.7,min,2026-09-13T03:46:43+03:00,2026-09-13,1789260403
rbc_cash,USD/RUB,86.7,p05,2026-09-13T03:46:43+03:00,2026-09-13,1789260403
rbc_cash,USD/RUB,86.7,median,2026-09-13T03:46:43+03:00,2026-09-13,1789260403
rbc_cash,CNY/RUB,13.55,min,2026-09-13T03:46:43+03:00,2026-09-13,1789260403
rbc_cash,CNY/RUB,13.55,p05,2026-09-13T03:46:43+03:00,2026-09-13,1789260403
rbc_cash,CNY/RUB,13.55,median,2026-09-13T03:46:43+03:00,2026-09-13,1789260403
bestchange,USDT_TRC20/RUB,86.22,min,2026-09-13T03:46:43+03:00,2026-09-13,1789260403
bestchange,USDT_TRC20/RUB,88.5478,p05,2026-09-13T03:46:43+03:00,2026-09-13,1789260403
bestchange,USDT_TRC20/RUB,91.911456,median,2026-09-13T03:46:43+03:00,2026-09-13,1789260403
cbr,USD/RUB,84.2569,value,2026-09-12T11:30:00+03:00,2026-09-12,1789201800
cbr,CNY/RUB,12.5519,value,2026-09-12T11:30:00+03:00,2026-09-12,1789201800
forex,USD/RUB,84.36,value,2026-09-13T03:00:01+03:00,2026-09-13,1789257601
forex,CNY/RUB,12.5,value,2026-09-13T03:00:01+03:00,2026-09-13,1789257601
rbc_cash,USD/RUB,86.7,min,2026-09-13T08:53:43+03:00,2026-09-13,1789278823
rbc_cash,USD/RUB,86.7,p05,2026-09-13T08:53:43+03:00,2026-09-13,1789278823
rbc_cash,USD/RUB,86.7,median,2026-09-13T08:53:43+03:00,2026-09-13,1789278823
rbc_cash,CNY/RUB,13.55,min,2026-09-13T08:53:43+03:00,2026-09-13,1789278823
rbc_cash,CNY/RUB,13.55,p05,2026-09-13T08:53:43+03:00,2026-09-13,1789278823
rbc_cash,CNY/RUB,13.55,median,2026-09-13T08:53:43+03:00,2026-09-13,1789278823
bestchange,USDT_TRC20/RUB,86.22,min,2026-09-13T08:53:43+03:00,2026-09-13,1789278823
bestchange,USDT_TRC20/RUB,88.5597,p05,2026-09-13T08:53:43+03:00,2026-09-13,1789278823
bestchange,USDT_TRC20/RUB,92.4,median,2026-09-13T08:53:43+03:00,2026-09-13,1789278823
cbr,USD/RUB,84.2569,value,2026-09-12T11:30:00+03:00,2026-09-12,1789201800
cbr,CNY/RUB,12.5519,value,2026-09-12T11:30:00+03:00,2026-09-12,1789201800
forex,USD/RUB,84.36,value,2026-09-13T03:00:01+03:00,2026-09-13,1789257601
forex,CNY/RUB,12.5,value,2026-09-13T03:00:01+03:00,2026-09-13,1789257601
rbc_cash,USD/RUB,84.7,min,2026-09-13T14:35:36+03:00,2026-09-13,1789299336
rbc_cash,USD/RUB,86.0,p05,2026-09-13T14:35:36+03:00,2026-09-13,1789299336
rbc_cash,USD/RUB,87.0,median,2026-09-13T14:35:36+03:00,2026-09-13,1789299336
rbc_cash,CNY/RUB,12.9,min,2026-09-13T14:35:36+03:00,2026-09-13,1789299336
rbc_cash,CNY/RUB,13.15,p05,2026-09-13T14:35:36+03:00,2026-09-13,1789299336
rbc_cash,CNY/RUB,13.3,median,2026-09-13T14:35:36+03:00,2026-09-13,1789299336
bestchange,USDT_TRC20/RUB,86.12,min,2026-09-13T14:35:36+03:00,2026-09-13,1789299336
bestchange,USDT_TRC20/RUB,88.4609,p05,2026-09-13T14:35:36+03:00,2026-09-13,1789299336
bestchange,USDT_TRC20/RUB,92.0379,median,2026-09-13T14:35:36+03:00,2026-09-13,1789299336
cbr,USD/RUB,84.2569,value,2026-09-12T11:30:00+03:00,2026-09-12,1789201800
cbr,CNY/RUB,12.5519,value,2026-09-12T11:30:00+03:00,2026-09-12,1789201800
forex,USD/RUB,84.36,value,2026-09-13T03:00:01+03:00,2026-09-13,1789257601
forex,CNY/RUB,12.5,value,2026-09-13T03:00:01+03:00,2026-09-13,1789257601
rbc_cash,USD/RUB,84.89,min,2026-09-13T19:03:37+03:00,2026-09-13,1789315417
rbc_cash,USD/RUB,85.59,p05,2026-09-13T19:03:37+03:00,2026-09-13,1789315417
rbc_cash,USD/RUB,87.1,median,2026-09-13T19:03:37+03:00,2026-09-13,1789315417
rbc_cash,CNY/RUB,12.9,min,2026-09-13T19:03:37+03:00,2026-09-13,1789315417
rbc_cash,CNY/RUB,13.15,p05,2026-09-13T19:03:37+03:00,2026-09-13,1789315417
rbc_cash,CNY/RUB,13.3,median,2026-09-13T19:03:37+03:00,2026-09-13,1789315417
bestchange,USDT_TRC20/RUB,86.32,min,2026-09-13T19:03:38+03:00,2026-09-13,1789315418
bestchange,USDT_TRC20/RUB,88.6475,p05,2026-09-13T19:03:38+03:00,2026-09-13,1789315418
bestchange,USDT_TRC20/RUB,92.039212815,median,2026-09-13T19:03:38+03:00,2026-09-13,1789315418
cbr,USD/RUB,84.2569,value,2026-09-12T11:30:00+03:00,2026-09-12,1789201800
cbr,CNY/RUB,12.5519,value,2026-09-12T11:30:00+03:00,2026-09-12,1789201800
forex,USD/RUB,84.36,value,2026-09-13T03:00:01+03:00,2026-09-13,1789257601
forex,CNY/RUB,12.5,value,2026-09-13T03:00:01+03:00,2026-09-13,1789257601
rbc_cash,USD/RUB,85.9,min,2026-09-13T22:16:36+03:00,2026-09-13,1789326996
rbc_cash,USD/RUB,85.9,p05,2026-09-13T22:16:36+03:00,2026-09-13,1789326996
rbc_cash,USD/RUB,87.2,median,2026-09-13T22:16:36+03:00,2026-09-13,1789326996
rbc_cash,CNY/RUB,13.3,min,2026-09-13T22:16:36+03:00,2026-09-13,1789326996
rbc_cash,CNY/RUB,13.3,p05,2026-09-13T22:16:36+03:00,2026-09-13,1789326996
rbc_cash,CNY/RUB,13.5,median,2026-09-13T22:16:36+03:00,2026-09-13,1789326996
bestchange,USDT_TRC20/RUB,86.32,min,2026-09-13T22:16:36+03:00,2026-09-13,1789326996
bestchange,USDT_TRC20/RUB,88.7155,p05,2026-09-13T22:16:36+03:00,2026-09-13,1789326996
bestchange,USDT_TRC20/RUB,92.415,median,2026-09-13T22:16:36+03:00,2026-09-13,1789326996
cbr,USD/RUB,84.2569,value,2026-09-12T11:30:00+03:00,2026-09-12,1789201800
cbr,CNY/RUB,12.5519,value,2026-09-12T11:30:00+03:00,2026-09-12,1789201800
forex,USD/RUB,84.36,value,2026-09-13T03:00:01+03:00,2026-09-13,1789257601
forex,CNY/RUB,12.5,value,2026-09-13T03:00:01+03:00,2026-09-13,1789257601
rbc_cash,USD/RUB,85.9,min,2026-09-14T01:18:08+03:00,2026-09-14,1789337888
rbc_cash,USD/RUB,85.9,p05,2026-09-14T01:18:08+03:00,2026-09-14,1789337888
rbc_cash,USD/RUB,86.3,median,2026-09-14T01:18:08+03:00,2026-09-14,1789337888
rbc_cash,CNY/RUB,13.5,min,2026-09-14T01:18:08+03:00,2026-09-14,1789337888
rbc_cash,CNY/RUB,13.5,p05,2026-09-14T01:18:08+03:00,2026-09-14,1789337888
rbc_cash,CNY/RUB,13.525,median,2026-09-14T01:18:08+03:00,2026-09-14,1789337888
bestchange,USDT_TRC20/RUB,86.02,min,2026-09-14T01:18:09+03:00,2026-09-14,1789337889
bestchange,USDT_TRC20/RUB,88.6233,p05,2026-09-14T01:18:09+03:00,2026-09-14,1789337889
bestchange,USDT_TRC20/RUB,91.93025,median,2026-09-14T01:18:09+03:00,2026-09-14,1789337889
cbr,USD/RUB,84.2569,value,2026-09-12T11:30:00+03:00,2026-09-12,1789201800
cbr,CNY/RUB,12.5519,value,2026-09-12T11:30:00+03:00,2026-09-12,1789201800
forex,USD/RUB,84.24,value,2026-09-14T03:00:01+03:00,2026-09-14,1789344001
forex,CNY/RUB,12.5,value,2026-09-14T03:00:01+03:00,2026-09-14,1789344001
rbc_cash,USD/RUB,85.9,min,2026-09-14T03:53:21+03:00,2026-09-14,1789347201
rbc_cash,USD/RUB,85.9,p05,2026-09-14T03:53:21+03:00,2026-09-14,1789347201
rbc_cash,USD/RUB,86.3,median,2026-09-14T03:53:21+03:00,2026-09-14,1789347201
rbc_cash,CNY/RUB,13.5,min,2026-09-14T03:53:21+03:00,2026-09-14,1789347201
rbc_cash,CNY/RUB,13.5,p05,2026-09-14T03:53:21+03:00,2026-09-14,1789347201
rbc_cash,CNY/RUB,13.525,median,2026-09-14T03:53:21+03:00,2026-09-14,1789347201
bestchange,USDT_TRC20/RUB,86.02,min,2026-09-14T03:53:21+03:00,2026-09-14,1789347201
bestchange,USDT_TRC20/RUB,88.7083,p05,2026-09-14T03:53:21+03:00,2026-09-14,1789347201
bestchange,USDT_TRC20/RUB,91.92795,median,2026-09-14T03:53:21+03:00,2026-09-14,1789347201
cbr,USD/RUB,84.2569,value,2026-09-12T11:30:00+03:00,2026-09-12,1789201800
cbr,CNY/RUB,12.5519,value,2026-09-12T11:30:00+03:00,2026-09-12,1789201800
forex,USD/RUB,84.24,value,2026-09-14T03:00:01+03:00,2026-09-14,1789344001
forex,CNY/RUB,12.5,value,2026-09-14T03:00:01+03:00,2026-09-14,1789344001
rbc_cash,USD/RUB,85.9,min,2026-09-14T09:00:27+03:00,2026-09-14,1789365627
rbc_cash,USD/RUB,85.9,p05,2026-09-14T09:00:27+03:00,2026-09-14,1789365627
rbc_cash,USD/RUB,87.4,median,2026-09-14T09:00:27+03:00,2026-09-14,1789365627
rbc_cash,CNY/RUB,13.5,min,2026-09-14T09:00:27+03:00,2026-09-14,1789365627
rbc_cash,CNY/RUB,13.5,p05,2026-09-14T09:00:27+03:00,2026-09-14,1789365627
rbc_cash,CNY/RUB,13.55,median,2026-09-14T09:00:27+03:00,2026-09-14,1789365627
bestchange,USDT_TRC20/RUB,86.02,min,2026-09-14T09:00:27+03:00,2026-09-14,1789365627
bestchange,USDT_TRC20/RUB,88.7418,p05,2026-09-14T09:00:27+03:00,2026-09-14,1789365627
bestchange,USDT_TRC20/RUB,91.8551,median,2026-09-14T09:00:27+03:00,2026-09-14,1789365627
cbr,USD/RUB,84.2569,value,2026-09-12T11:30:00+03:00,2026-09-12,1789201800
cbr,CNY/RUB,12.5519,value,2026-09-12T11:30:00+03:00,2026-09-12,1789201800
forex,USD/RUB,84.24,value,2026-09-14T03:00:01+03:00,2026-09-14,1789344001
forex,CNY/RUB,12.5,value,2026-09-14T03:00:01+03:00,2026-09-14,1789344001
rbc_cash,USD/RUB,84.55,min,2026-09-14T16:49:56+03:00,2026-09-14,1789393796
rbc_cash,USD/RUB,85.09,p05,2026-09-14T16:49:56+03:00,2026-09-14,1789393796
rbc_cash,USD/RUB,87.0,median,2026-09-14T16:49:56+03:00,2026-09-14,1789393796
rbc_cash,CNY/RUB,12.82,min,2026-09-14T16:49:56+03:00,2026-09-14,1789393796
rbc_cash,CNY/RUB,12.91,p05,2026-09-14T16:49:56+03:00,2026-09-14,1789393796
rbc_cash,CNY/RUB,13.25,median,2026-09-14T16:49:56+03:00,2026-09-14,1789393796
bestchange,USDT_TRC20/RUB,86.22,min,2026-09-14T16:49:56+03:00,2026-09-14,1789393796
bestchange,USDT_TRC20/RUB,88.50459956,p05,2026-09-14T16:49:56+03:00,2026-09-14,1789393796
bestchange,USDT_TRC20/RUB,92.15739518500001,median,2026-09-14T16:49:56+03:00,2026-09-14,1789393796
cbr,USD/RUB,84.3363,value,2026-09-15T11:30:00+03:00,2026-09-15,1789461000
cbr,CNY/RUB,12.5353,value,2026-09-15T11:30:00+03:00,2026-09-15,1789461000
forex,USD/RUB,84.24,value,2026-09-14T03:00:01+03:00,2026-09-14,1789344001
forex,CNY/RUB,12.5,value,2026-09-14T03:00:01+03:00,2026-09-14,1789344001
rbc_cash,USD/RUB,85.5,min,2026-09-14T22:12:28+03:00,2026-09-14,1789413148
rbc_cash,USD/RUB,85.5,p05,2026-09-14T22:12:28+03:00,2026-09-14,1789413148
rbc_cash,USD/RUB,86.7,median,2026-09-14T22:12:28+03:00,2026-09-14,1789413148
rbc_cash,CNY/RUB,13.2,min,2026-09-14T22:12:28+03:00,2026-09-14,1789413148
rbc_cash,CNY/RUB,13.2,p05,2026-09-14T22:12:28+03:00,2026-09-14,1789413148
rbc_cash,CNY/RUB,13.5,median,2026-09-14T22:12:28+03:00,2026-09-14,1789413148
bestchange,USDT_TRC20/RUB,86.22,min,2026-09-14T22:12:28+03:00,2026-09-14,1789413148
bestchange,USDT_TRC20/RUB,88.53390021,p05,2026-09-14T22:12:28+03:00,2026-09-14,1789413148
bestchange,USDT_TRC20/RUB,92.7982425,median,2026-09-14T22:12:28+03:00,2026-09-14,1789413148
cbr,USD/RUB,84.3363,value,2026-09-15T11:30:00+03:00,2026-09-15,1789461000
cbr,CNY/RUB,12.5353,value,2026-09-15T11:30:00+03:00,2026-09-15,1789461000
forex,USD/RUB,84.24,value,2026-09-14T03:00:01+03:00,2026-09-14,1789344001
forex,CNY/RUB,12.5,value,2026-09-14T03:00:01+03:00,2026-09-14,1789344001
rbc_cash,USD/RUB,85.5,min,2026-09-15T02:02:20+03:00,2026-09-15,1789426940
rbc_cash,USD/RUB,85.5,p05,2026-09-15T02:02:20+03:00,2026-09-15,1789426940
rbc_cash,USD/RUB,86.7,median,2026-09-15T02:02:20+03:00,2026-09-15,1789426940
rbc_cash,CNY/RUB,13.5,min,2026-09-15T02:02:20+03:00,2026-09-15,1789426940
rbc_cash,CNY/RUB,13.5,p05,2026-09-15T02:02:20+03:00,2026-09-15,1789426940
rbc_cash,CNY/RUB,13.5,median,2026-09-15T02:02:20+03:00,2026-09-15,1789426940
bestchange,USDT_TRC20/RUB,86.22,min,2026-09-15T02:02:21+03:00,2026-09-15,1789426941
bestchange,USDT_TRC20/RUB,88.7409,p05,2026-09-15T02:02:21+03:00,2026-09-15,1789426941
bestchange,USDT_TRC20/RUB,92.17081967,median,2026-09-15T02:02:21+03:00,2026-09-15,1789426941
cbr,USD/RUB,84.3363,value,2026-09-15T11:30:00+03:00,2026-09-15,1789461000
cbr,CNY/RUB,12.5353,value,2026-09-15T11:30:00+03:00,2026-09-15,1789461000
forex,USD/RUB,84.34,value,2026-09-15T03:00:01+03:00,2026-09-15,1789430401
forex,CNY/RUB,12.53,value,2026-09-15T03:00:01+03:00,2026-09-15,1789430401
rbc_cash,USD/RUB,85.5,min,2026-09-15T07:35:13+03:00,2026-09-15,1789446913
rbc_cash,USD/RUB,85.5,p05,2026-09-15T07:35:13+03:00,2026-09-15,1789446913
rbc_cash,USD/RUB,86.7,median,2026-09-15T07:35:13+03:00,2026-09-15,1789446913
rbc_cash,CNY/RUB,13.5,min,2026-09-15T07:35:13+03:00,2026-09-15,1789446913
rbc_cash,CNY/RUB,13.5,p05,2026-09-15T07:35:13+03:00,2026-09-15,1789446913
rbc_cash,CNY/RUB,13.5,median,2026-09-15T07:35:13+03:00,2026-09-15,1789446913
bestchange,USDT_TRC20/RUB,86.22,min,2026-09-15T07:35:13+03:00,2026-09-15,1789446913
bestchange,USDT_TRC20/RUB,88.59472683,p05,2026-09-15T07:35:13+03:00,2026-09-15,1789446913
bestchange,USDT_TRC20/RUB,92.16545983500001,median,2026-09-15T07:35:13+03:00,2026-09-15,1789446913
cbr,USD/RUB,84.3363,value,2026-09-15T11:30:00+03:00,2026-09-15,1789461000
cbr,CNY/RUB,12.5353,value,2026-09-15T11:30:00+03:00,2026-09-15,1789461000
forex,USD/RUB,84.34,value,2026-09-15T03:00:01+03:00,2026-09-15,1789430401
forex,CNY/RUB,12.53,value,2026-09-15T03:00:01+03:00,2026-09-15,1789430401
rbc_cash,USD/RUB,84.5,min,2026-09-15T12:57:08+03:00,2026-09-15,1789466228
rbc_cash,USD/RUB,84.89,p05,2026-09-15T12:57:08+03:00,2026-09-15,1789466228
rbc_cash,USD/RUB,86.8,median,2026-09-15T12:57:08+03:00,2026-09-15,1789466228
rbc_cash,CNY/RUB,12.79,min,2026-09-15T12:57:08+03:00,2026-09-15,1789466228
rbc_cash,CNY/RUB,12.94,p05,2026-09-15T12:57:08+03:00,2026-09-15,1789466228
rbc_cash,CNY/RUB,13.25,median,2026-09-15T12:57:08+03:00,2026-09-15,1789466228
bestchange,USDT_TRC20/RUB,86.02,min,2026-09-15T12:57:08+03:00,2026-09-15,1789466228
bestchange,USDT_TRC20/RUB,88.6163,p05,2026-09-15T12:57:08+03:00,2026-09-15,1789466228
bestchange,USDT_TRC20/RUB,92.00002563,median,2026-09-15T12:57:08+03:00,2026-09-15,1789466228
cbr,USD/RUB,84.2362,value,2026-09-16T11:30:00+03:00,2026-09-16,1789547400
cbr,CNY/RUB,12.5538,value,2026-09-16T11:30:00+03:00,2026-09-16,1789547400
forex,USD/RUB,84.34,value,2026-09-15T03:00:01+03:00,2026-09-15,1789430401
forex,CNY/RUB,12.53,value,2026-09-15T03:00:01+03:00,2026-09-15,1789430401
rbc_cash,USD/RUB,84.56,min,2026-09-15T17:50:08+03:00,2026-09-15,1789483808
rbc_cash,USD/RUB,85.09,p05,2026-09-15T17:50:08+03:00,2026-09-15,1789483808
rbc_cash,USD/RUB,86.9,median,2026-09-15T17:50:08+03:00,2026-09-15,1789483808
rbc_cash,CNY/RUB,12.83,min,2026-09-15T17:50:08+03:00,2026-09-15,1789483808
rbc_cash,CNY/RUB,12.9,p05,2026-09-15T17:50:08+03:00,2026-09-15,1789483808
rbc_cash,CNY/RUB,13.25,median,2026-09-15T17:50:08+03:00,2026-09-15,1789483808
bestchange,USDT_TRC20/RUB,86.22,min,2026-09-15T17:50:08+03:00,2026-09-15,1789483808
bestchange,USDT_TRC20/RUB,88.87,p05,2026-09-15T17:50:08+03:00,2026-09-15,1789483808
bestchange,USDT_TRC20/RUB,93.3852,median,2026-09-15T17:50:08+03:00,2026-09-15,1789483808
cbr,USD/RUB,84.2362,value,2026-09-16T11:30:00+03:00,2026-09-16,1789547400
cbr,CNY/RUB,12.5538,value,2026-09-16T11:30:00+03:00,2026-09-16,1789547400
forex,USD/RUB,84.34,value,2026-09-15T03:00:01+03:00,2026-09-15,1789430401
forex,CNY/RUB,12.53,value,2026-09-15T03:00:01+03:00,2026-09-15,1789430401
rbc_cash,USD/RUB,85.5,min,2026-09-15T21:51:07+03:00,2026-09-15,1789498267
rbc_cash,USD/RUB,85.95,p05,2026-09-15T21:51:07+03:00,2026-09-15,1789498267
rbc_cash,USD/RUB,86.8,median,2026-09-15T21:51:07+03:00,2026-09-15,1789498267
rbc_cash,CNY/RUB,13.09,min,2026-09-15T21:51:07+03:00,2026-09-15,1789498267
rbc_cash,CNY/RUB,13.2,p05,2026-09-15T21:51:07+03:00,2026-09-15,1789498267
rbc_cash,CNY/RUB,13.4,median,2026-09-15T21:51:07+03:00,2026-09-15,1789498267
bestchange,USDT_TRC20/RUB,86.43,min,2026-09-15T21:51:08+03:00,2026-09-15,1789498268
bestchange,USDT_TRC20/RUB,89.1796,p05,2026-09-15T21:51:08+03:00,2026-09-15,1789498268
bestchange,USDT_TRC20/RUB,93.40135000000001,median,2026-09-15T21:51:08+03:00,2026-09-15,1789498268
cbr,USD/RUB,84.2362,value,2026-09-16T11:30:00+03:00,2026-09-16,1789547400
cbr,CNY/RUB,12.5538,value,2026-09-16T11:30:00+03:00,2026-09-16,1789547400
forex,USD/RUB,84.34,value,2026-09-15T03:00:01+03:00,2026-09-15,1789430401
forex,CNY/RUB,12.53,value,2026-09-15T03:00:01+03:00,2026-09-15,1789430401
rbc_cash,USD/RUB,85.5,min,2026-09-16T01:03:13+03:00,2026-09-16,1789509793
rbc_cash,USD/RUB,85.5,p05,2026-09-16T01:03:13+03:00,2026-09-16,1789509793
rbc_cash,USD/RUB,86.7,median,2026-09-16T01:03:13+03:00,2026-09-16,1789509793
rbc_cash,CNY/RUB,13.2,min,2026-09-16T01:03:13+03:00,2026-09-16,1789509793
rbc_cash,CNY/RUB,13.2,p05,2026-09-16T01:03:13+03:00,2026-09-16,1789509793
rbc_cash,CNY/RUB,13.3,median,2026-09-16T01:03:13+03:00,2026-09-16,1789509793
bestchange,USDT_TRC20/RUB,86.53,min,2026-09-16T01:03:14+03:00,2026-09-16,1789509794
bestchange,USDT_TRC20/RUB,90.118,p05,2026-09-16T01:03:14+03:00,2026-09-16,1789509794
bestchange,USDT_TRC20/RUB,93.80423163,median,2026-09-16T01:03:14+03:00,2026-09-16,1789509794
cbr,USD/RUB,84.2362,value,2026-09-16T11:30:00+03:00,2026-09-16,1789547400
cbr,CNY/RUB,12.5538,value,2026-09-16T11:30:00+03:00,2026-09-16,1789547400
forex,USD/RUB,84.3,value,2026-09-16T03:00:01+03:00,2026-09-16,1789516801
forex,CNY/RUB,12.58,value,2026-09-16T03:00:01+03:00,2026-09-16,1789516801
rbc_cash,USD/RUB,85.5,min,2026-09-16T04:15:41+03:00,2026-09-16,1789521341
rbc_cash,USD/RUB,85.5,p05,2026-09-16T04:15:41+03:00,2026-09-16,1789521341
rbc_cash,USD/RUB,86.7,median,2026-09-16T04:15:41+03:00,2026-09-16,1789521341
rbc_cash,CNY/RUB,13.2,min,2026-09-16T04:15:41+03:00,2026-09-16,1789521341
rbc_cash,CNY/RUB,13.2,p05,2026-09-16T04:15:41+03:00,2026-09-16,1789521341
rbc_cash,CNY/RUB,13.3,median,2026-09-16T04:15:41+03:00,2026-09-16,1789521341
bestchange,USDT_TRC20/RUB,86.53,min,2026-09-16T04:15:42+03:00,2026-09-16,1789521342
bestchange,USDT_TRC20/RUB,90.4799,p05,2026-09-16T04:15:42+03:00,2026-09-16,1789521342
bestchange,USDT_TRC20/RUB,93.80423163,median,2026-09-16T04:15:42+03:00,2026-09-16,1789521342
cbr,USD/RUB,84.2362,value,2026-09-16T11:30:00+03:00,2026-09-16,1789547400
cbr,CNY/RUB,12.5538,value,2026-09-16T11:30:00+03:00,2026-09-16,1789547400
forex,USD/RUB,84.3,value,2026-09-16T03:00:01+03:00,2026-09-16,1789516801
forex,CNY/RUB,12.58,value,2026-09-16T03:00:01+03:00,2026-09-16,1789516801
rbc_cash,USD/RUB,84.44,min,2026-09-16T10:33:12+03:00,2026-09-16,1789543992
rbc_cash,USD/RUB,85.4,p05,2026-09-16T10:33:12+03:00,2026-09-16,1789543992
rbc_cash,USD/RUB,87.15,median,2026-09-16T10:33:12+03:00,2026-09-16,1789543992
rbc_cash,CNY/RUB,12.8,min,2026-09-16T10:33:12+03:00,2026-09-16,1789543992
rbc_cash,CNY/RUB,12.9,p05,2026-09-16T10:33:12+03:00,2026-09-16,1789543992
rbc_cash,CNY/RUB,13.25,median,2026-09-16T10:33:12+03:00,2026-09-16,1789543992
bestchange,USDT_TRC20/RUB,88.5467001,min,2026-09-16T10:33:12+03:00,2026-09-16,1789543992
bestchange,USDT_TRC20/RUB,88.8166,p05,2026-09-16T10:33:12+03:00,2026-09-16,1789543992
bestchange,USDT_TRC20/RUB,93.0499,median,2026-09-16T10:33:12+03:00,2026-09-16,1789543992
cbr,USD/RUB,84.2362,value,2026-09-16T11:30:00+03:00,2026-09-16,1789547400
cbr,CNY/RUB,12.5538,value,2026-09-16T11:30:00+03:00,2026-09-16,1789547400
forex,USD/RUB,84.3,value,2026-09-16T03:00:01+03:00,2026-09-16,1789516801
forex,CNY/RUB,12.58,value,2026-09-16T03:00:01+03:00,2026-09-16,1789516801
rbc_cash,USD/RUB,84.22,min,2026-09-16T16:23:53+03:00,2026-09-16,1789565033
rbc_cash,USD/RUB,84.84,p05,2026-09-16T16:23:53+03:00,2026-09-16,1789565033
rbc_cash,USD/RUB,86.975,median,2026-09-16T16:23:53+03:00,2026-09-16,1789565033
rbc_cash,CNY/RUB,12.8,min,2026-09-16T16:23:53+03:00,2026-09-16,1789565033
rbc_cash,CNY/RUB,12.9,p05,2026-09-16T16:23:53+03:00,2026-09-16,1789565033
rbc_cash,CNY/RUB,13.25,median,2026-09-16T16:23:53+03:00,2026-09-16,1789565033
bestchange,USDT_TRC20/RUB,88.54794,min,2026-09-16T16:23:54+03:00,2026-09-16,1789565034
bestchange,USDT_TRC20/RUB,89.93056712,p05,2026-09-16T16:23:54+03:00,2026-09-16,1789565034
bestchange,USDT_TRC20/RUB,93.58715000000001,median,2026-09-16T16:23:54+03:00,2026-09-16,1789565034
cbr,USD/RUB,84.1732,value,2026-09-17T11:30:00+03:00,2026-09-17,1789633800
cbr,CNY/RUB,12.5457,value,2026-09-17T11:30:00+03:00,2026-09-17,1789633800
forex,USD/RUB,84.3,value,2026-09-16T03:00:01+03:00,2026-09-16,1789516801
forex,CNY/RUB,12.58,value,2026-09-16T03:00:01+03:00,2026-09-16,1789516801
rbc_cash,USD/RUB,84.98,min,2026-09-16T21:05:18+03:00,2026-09-16,1789581918
rbc_cash,USD/RUB,85.1,p05,2026-09-16T21:05:18+03:00,2026-09-16,1789581918
rbc_cash,USD/RUB,87.0,median,2026-09-16T21:05:18+03:00,2026-09-16,1789581918
rbc_cash,CNY/RUB,12.89,min,2026-09-16T21:05:18+03:00,2026-09-16,1789581918
rbc_cash,CNY/RUB,13.09,p05,2026-09-16T21:05:18+03:00,2026-09-16,1789581918
rbc_cash,CNY/RUB,13.3,median,2026-09-16T21:05:18+03:00,2026-09-16,1789581918
bestchange,USDT_TRC20/RUB,86.77,min,2026-09-16T21:05:18+03:00,2026-09-16,1789581918
bestchange,USDT_TRC20/RUB,89.8984,p05,2026-09-16T21:05:18+03:00,2026-09-16,1789581918
bestchange,USDT_TRC20/RUB,93.35675,median,2026-09-16T21:05:18+03:00,2026-09-16,1789581918
cbr,USD/RUB,84.1732,value,2026-09-17T11:30:00+03:00,2026-09-17,1789633800
cbr,CNY/RUB,12.5457,value,2026-09-17T11:30:00+03:00,2026-09-17,1789633800
forex,USD/RUB,84.3,value,2026-09-16T03:00:01+03:00,2026-09-16,1789516801
forex,CNY/RUB,12.58,value,2026-09-16T03:00:01+03:00,2026-09-16,1789516801
rbc_cash,USD/RUB,85.9,min,2026-09-17T01:00:55+03:00,2026-09-17,1789596055
rbc_cash,USD/RUB,85.9,p05,2026-09-17T01:00:55+03:00,2026-09-17,1789596055
rbc_cash,USD/RUB,86.7,median,2026-09-17T01:00:55+03:00,2026-09-17,1789596055
rbc_cash,CNY/RUB,13.2,min,2026-09-17T01:00:55+03:00,2026-09-17,1789596055
rbc_cash,CNY/RUB,13.2,p05,2026-09-17T01:00:55+03:00,2026-09-17,1789596055
rbc_cash,CNY/RUB,13.3,median,2026-09-17T01:00:55+03:00,2026-09-17,1789596055
bestchange,USDT_TRC20/RUB,87.02,min,2026-09-17T01:00:55+03:00,2026-09-17,1789596055
bestchange,USDT_TRC20/RUB,89.00079,p05,2026-09-17T01:00:55+03:00,2026-09-17,1789596055
bestchange,USDT_TRC20/RUB,93.45258888500001,median,2026-09-17T01:00:55+03:00,2026-09-17,1789596055
cbr,USD/RUB,84.1732,value,2026-09-17T11:30:00+03:00,2026-09-17,1789633800
cbr,CNY/RUB,12.5457,value,2026-09-17T11:30:00+03:00,2026-09-17,1789633800
forex,USD/RUB,84.36,value,2026-09-17T03:00:01+03:00,2026-09-17,1789603201
forex,CNY/RUB,12.55,value,2026-09-17T03:00:01+03:00,2026-09-17,1789603201
rbc_cash,USD/RUB,85.9,min,2026-09-17T04:15:32+03:00,2026-09-17,1789607732
rbc_cash,USD/RUB,85.9,p05,2026-09-17T04:15:32+03:00,2026-09-17,1789607732
rbc_cash,USD/RUB,86.7,median,2026-09-17T04:15:32+03:00,2026-09-17,1789607732
rbc_cash,CNY/RUB,13.2,min,2026-09-17T04:15:32+03:00,2026-09-17,1789607732
rbc_cash,CNY/RUB,13.2,p05,2026-09-17T04:15:32+03:00,2026-09-17,1789607732
rbc_cash,CNY/RUB,13.3,median,2026-09-17T04:15:32+03:00,2026-09-17,1789607732
bestchange,USDT_TRC20/RUB,87.03,min,2026-09-17T04:15:33+03:00,2026-09-17,1789607733
bestchange,USDT_TRC20/RUB,89.10319931,p05,2026-09-17T04:15:33+03:00,2026-09-17,1789607733
bestchange,USDT_TRC20/RUB,93.52577777,median,2026-09-17T04:15:33+03:00,2026-09-17,1789607733
cbr,USD/RUB,84.1732,value,2026-09-17T11:30:00+03:00,2026-09-17,1789633800
cbr,CNY/RUB,12.5457,value,2026-09-17T11:30:00+03:00,2026-09-17,1789633800
forex,USD/RUB,84.36,value,2026-09-17T03:00:01+03:00,2026-09-17,1789603201
forex,CNY/RUB,12.55,value,2026-09-17T03:00:01+03:00,2026-09-17,1789603201
rbc_cash,USD/RUB,84.78,min,2026-09-17T10:30:18+03:00,2026-09-17,1789630218
rbc_cash,USD/RUB,85.3,p05,2026-09-17T10:30:18+03:00,2026-09-17,1789630218
rbc_cash,USD/RUB,87.3,median,2026-09-17T10:30:18+03:00,2026-09-17,1789630218
rbc_cash,CNY/RUB,12.83,min,2026-09-17T10:30:18+03:00,2026-09-17,1789630218
rbc_cash,CNY/RUB,12.9,p05,2026-09-17T10:30:18+03:00,2026-09-17,1789630218
rbc_cash,CNY/RUB,13.25,median,2026-09-17T10:30:18+03:00,2026-09-17,1789630218
bestchange,USDT_TRC20/RUB,89.0,min,2026-09-17T10:30:19+03:00,2026-09-17,1789630219
bestchange,USDT_TRC20/RUB,89.81498122,p05,2026-09-17T10:30:19+03:00,2026-09-17,1789630219
bestchange,USDT_TRC20/RUB,92.7415,median,2026-09-17T10:30:19+03:00,2026-09-17,1789630219
cbr,USD/RUB,84.1732,value,2026-09-17T11:30:00+03:00,2026-09-17,1789633800
cbr,CNY/RUB,12.5457,value,2026-09-17T11:30:00+03:00,2026-09-17,1789633800
forex,USD/RUB,84.36,value,2026-09-17T03:00:01+03:00,2026-09-17,1789603201
forex,CNY/RUB,12.55,value,2026-09-17T03:00:01+03:00,2026-09-17,1789603201
rbc_cash,USD/RUB,84.85,min,2026-09-17T16:18:51+03:00,2026-09-17,1789651131
rbc_cash,USD/RUB,84.95,p05,2026-09-17T16:18:51+03:00,2026-09-17,1789651131
rbc_cash,USD/RUB,87.1,median,2026-09-17T16:18:51+03:00,2026-09-17,1789651131
rbc_cash,CNY/RUB,12.8,min,2026-09-17T16:18:51+03:00,2026-09-17,1789651131
rbc_cash,CNY/RUB,12.9,p05,2026-09-17T16:18:51+03:00,2026-09-17,1789651131
rbc_cash,CNY/RUB,13.22,median,2026-09-17T16:18:51+03:00,2026-09-17,1789651131
bestchange,USDT_TRC20/RUB,86.43,min,2026-09-17T16:18:52+03:00,2026-09-17,1789651132
bestchange,USDT_TRC20/RUB,89.8311175,p05,2026-09-17T16:18:52+03:00,2026-09-17,1789651132
bestchange,USDT_TRC20/RUB,94.047389005,median,2026-09-17T16:18:52+03:00,2026-09-17,1789651132
cbr,USD/RUB,84.5093,value,2026-09-18T11:30:00+03:00,2026-09-18,1789720200
cbr,CNY/RUB,12.5788,value,2026-09-18T11:30:00+03:00,2026-09-18,1789720200
forex,USD/RUB,84.36,value,2026-09-17T03:00:01+03:00,2026-09-17,1789603201
forex,CNY/RUB,12.55,value,2026-09-17T03:00:01+03:00,2026-09-17,1789603201
rbc_cash,USD/RUB,84.85,min,2026-09-17T21:05:56+03:00,2026-09-17,1789668356
rbc_cash,USD/RUB,84.85,p05,2026-09-17T21:05:56+03:00,2026-09-17,1789668356
rbc_cash,USD/RUB,87.1,median,2026-09-17T21:05:56+03:00,2026-09-17,1789668356
rbc_cash,CNY/RUB,12.89,min,2026-09-17T21:05:56+03:00,2026-09-17,1789668356
rbc_cash,CNY/RUB,13.12,p05,2026-09-17T21:05:56+03:00,2026-09-17,1789668356
rbc_cash,CNY/RUB,13.3,median,2026-09-17T21:05:56+03:00,2026-09-17,1789668356
bestchange,USDT_TRC20/RUB,86.63,min,2026-09-17T21:05:57+03:00,2026-09-17,1789668357
bestchange,USDT_TRC20/RUB,89.6702,p05,2026-09-17T21:05:57+03:00,2026-09-17,1789668357
bestchange,USDT_TRC20/RUB,94.05598219,median,2026-09-17T21:05:57+03:00,2026-09-17,1789668357
cbr,USD/RUB,84.5093,value,2026-09-18T11:30:00+03:00,2026-09-18,1789720200
cbr,CNY/RUB,12.5788,value,2026-09-18T11:30:00+03:00,2026-09-18,1789720200
forex,USD/RUB,84.36,value,2026-09-17T03:00:01+03:00,2026-09-17,1789603201
forex,CNY/RUB,12.55,value,2026-09-17T03:00:01+03:00,2026-09-17,1789603201
rbc_cash,USD/RUB,85.9,min,2026-09-18T01:01:55+03:00,2026-09-18,1789682515
rbc_cash,USD/RUB,85.9,p05,2026-09-18T01:01:55+03:00,2026-09-18,1789682515
rbc_cash,USD/RUB,86.6,median,2026-09-18T01:01:55+03:00,2026-09-18,1789682515
rbc_cash,CNY/RUB,13.2,min,2026-09-18T01:01:55+03:00,2026-09-18,1789682515
rbc_cash,CNY/RUB,13.2,p05,2026-09-18T01:01:55+03:00,2026-09-18,1789682515
rbc_cash,CNY/RUB,13.274999999999999,median,2026-09-18T01:01:55+03:00,2026-09-18,1789682515
bestchange,USDT_TRC20/RUB,86.73,min,2026-09-18T01:01:56+03:00,2026-09-18,1789682516
bestchange,USDT_TRC20/RUB,89.18388274,p05,2026-09-18T01:01:56+03:00,2026-09-18,1789682516
bestchange,USDT_TRC20/RUB,94.29823999999999,median,2026-09-18T01:01:56+03:00,2026-09-18,1789682516
cbr,USD/RUB,84.5093,value,2026-09-18T11:30:00+03:00,2026-09-18,1789720200
cbr,CNY/RUB,12.5788,value,2026-09-18T11:30:00+03:00,2026-09-18,1789720200
forex,USD/RUB,84.47,value,2026-09-18T03:00:01+03:00,2026-09-18,1789689601
forex,CNY/RUB,12.53,value,2026-09-18T03:00:01+03:00,2026-09-18,1789689601
rbc_cash,USD/RUB,85.9,min,2026-09-18T04:10:50+03:00,2026-09-18,1789693850
rbc_cash,USD/RUB,85.9,p05,2026-09-18T04:10:50+03:00,2026-09-18,1789693850
rbc_cash,USD/RUB,86.6,median,2026-09-18T04:10:50+03:00,2026-09-18,1789693850
rbc_cash,CNY/RUB,13.2,min,2026-09-18T04:10:50+03:00,2026-09-18,1789693850
rbc_cash,CNY/RUB,13.2,p05,2026-09-18T04:10:50+03:00,2026-09-18,1789693850
rbc_cash,CNY/RUB,13.274999999999999,median,2026-09-18T04:10:50+03:00,2026-09-18,1789693850
bestchange,USDT_TRC20/RUB,86.73,min,2026-09-18T04:10:50+03:00,2026-09-18,1789693850
bestchange,USDT_TRC20/RUB,89.7498,p05,2026-09-18T04:10:50+03:00,2026-09-18,1789693850
bestchange,USDT_TRC20/RUB,94.1966,median,2026-09-18T04:10:50+03:00,2026-09-18,1789693850
cbr,USD/RUB,84.5093,value,2026-09-18T11:30:00+03:00,2026-09-18,1789720200
cbr,CNY/RUB,12.5788,value,2026-09-18T11:30:00+03:00,2026-09-18,1789720200
forex,USD/RUB,84.47,value,2026-09-18T03:00:01+03:00,2026-09-18,1789689601
forex,CNY/RUB,12.53,value,2026-09-18T03:00:01+03:00,2026-09-18,1789689601
rbc_cash,USD/RUB,84.88,min,2026-09-18T10:18:26+03:00,2026-09-18,1789715906
rbc_cash,USD/RUB,85.2,p05,2026-09-18T10:18:26+03:00,2026-09-18,1789715906
rbc_cash,USD/RUB,87.1,median,2026-09-18T10:18:26+03:00,2026-09-18,1789715906
rbc_cash,CNY/RUB,12.87,min,2026-09-18T10:18:26+03:00,2026-09-18,1789715906
rbc_cash,CNY/RUB,12.9,p05,2026-09-18T10:18:26+03:00,2026-09-18,1789715906
rbc_cash,CNY/RUB,13.3,median,2026-09-18T10:18:26+03:00,2026-09-18,1789715906
bestchange,USDT_TRC20/RUB,86.43,min,2026-09-18T10:18:26+03:00,2026-09-18,1789715906
bestchange,USDT_TRC20/RUB,89.69172953,p05,2026-09-18T10:18:26+03:00,2026-09-18,1789715906
bestchange,USDT_TRC20/RUB,94.0373,median,2026-09-18T10:18:26+03:00,2026-09-18,1789715906
cbr,USD/RUB,84.5093,value,2026-09-18T11:30:00+03:00,2026-09-18,1789720200
cbr,CNY/RUB,12.5788,value,2026-09-18T11:30:00+03:00,2026-09-18,1789720200
forex,USD/RUB,84.47,value,2026-09-18T03:00:01+03:00,2026-09-18,1789689601
forex,CNY/RUB,12.53,value,2026-09-18T03:00:01+03:00,2026-09-18,1789689601
rbc_cash,USD/RUB,84.58,min,2026-09-18T15:53:14+03:00,2026-09-18,1789735994
rbc_cash,USD/RUB,84.88,p05,2026-09-18T15:53:14+03:00,2026-09-18,1789735994
rbc_cash,USD/RUB,87.0,median,2026-09-18T15:53:14+03:00,2026-09-18,1789735994
rbc_cash,CNY/RUB,12.82,min,2026-09-18T15:53:14+03:00,2026-09-18,1789735994
rbc_cash,CNY/RUB,12.9,p05,2026-09-18T15:53:14+03:00,2026-09-18,1789735994
rbc_cash,CNY/RUB,13.25,median,2026-09-18T15:53:14+03:00,2026-09-18,1789735994
bestchange,USDT_TRC20/RUB,86.53,min,2026-09-18T15:53:14+03:00,2026-09-18,1789735994
bestchange,USDT_TRC20/RUB,89.69172953,p05,2026-09-18T15:53:14+03:00,2026-09-18,1789735994
bestchange,USDT_TRC20/RUB,93.98249999999999,median,2026-09-18T15:53:14+03:00,2026-09-18,1789735994
cbr,USD/RUB,84.1975,value,2026-09-19T11:30:00+03:00,2026-09-19,1789806600
cbr,CNY/RUB,12.567,value,2026-09-19T11:30:00+03:00,2026-09-19,1789806600
forex,USD/RUB,84.47,value,2026-09-18T03:00:01+03:00,2026-09-18,1789689601
forex,CNY/RUB,12.53,value,2026-09-18T03:00:01+03:00,2026-09-18,1789689601
rbc_cash,USD/RUB,84.7,min,2026-09-18T20:01:08+03:00,2026-09-18,1789750868
rbc_cash,USD/RUB,85.55,p05,2026-09-18T20:01:08+03:00,2026-09-18,1789750868
rbc_cash,USD/RUB,87.1,median,2026-09-18T20:01:08+03:00,2026-09-18,1789750868
rbc_cash,CNY/RUB,12.9,min,2026-09-18T20:01:08+03:00,2026-09-18,1789750868
rbc_cash,CNY/RUB,12.95,p05,2026-09-18T20:01:08+03:00,2026-09-18,1789750868
rbc_cash,CNY/RUB,13.3,median,2026-09-18T20:01:08+03:00,2026-09-18,1789750868
bestchange,USDT_TRC20/RUB,86.73,min,2026-09-18T20:01:09+03:00,2026-09-18,1789750869
bestchange,USDT_TRC20/RUB,89.44543828,p05,2026-09-18T20:01:09+03:00,2026-09-18,1789750869
bestchange,USDT_TRC20/RUB,93.475,median,2026-09-18T20:01:09+03:00,2026-09-18,1789750869
cbr,USD/RUB,84.1975,value,2026-09-19T11:30:00+03:00,2026-09-19,1789806600
cbr,CNY/RUB,12.567,value,2026-09-19T11:30:00+03:00,2026-09-19,1789806600
forex,USD/RUB,84.47,value,2026-09-18T03:00:01+03:00,2026-09-18,1789689601
forex,CNY/RUB,12.53,value,2026-09-18T03:00:01+03:00,2026-09-18,1789689601
rbc_cash,USD/RUB,85.5,min,2026-09-18T23:46:37+03:00,2026-09-18,1789764397
rbc_cash,USD/RUB,85.5,p05,2026-09-18T23:46:37+03:00,2026-09-18,1789764397
rbc_cash,USD/RUB,86.5,median,2026-09-18T23:46:37+03:00,2026-09-18,1789764397
rbc_cash,CNY/RUB,13.2,min,2026-09-18T23:46:37+03:00,2026-09-18,1789764397
rbc_cash,CNY/RUB,13.2,p05,2026-09-18T23:46:37+03:00,2026-09-18,1789764397
rbc_cash,CNY/RUB,13.3,median,2026-09-18T23:46:37+03:00,2026-09-18,1789764397
bestchange,USDT_TRC20/RUB,86.93,min,2026-09-18T23:46:37+03:00,2026-09-18,1789764397
bestchange,USDT_TRC20/RUB,89.28571429,p05,2026-09-18T23:46:37+03:00,2026-09-18,1789764397
bestchange,USDT_TRC20/RUB,94.10835189,median,2026-09-18T23:46:37+03:00,2026-09-18,1789764397
cbr,USD/RUB,84.1975,value,2026-09-19T11:30:00+03:00,2026-09-19,1789806600
cbr,CNY/RUB,12.567,value,2026-09-19T11:30:00+03:00,2026-09-19,1789806600
forex,USD/RUB,84.47,value,2026-09-18T03:00:01+03:00,2026-09-18,1789689601
forex,CNY/RUB,12.53,value,2026-09-18T03:00:01+03:00,2026-09-18,1789689601
rbc_cash,USD/RUB,85.5,min,2026-09-19T02:09:57+03:00,2026-09-19,1789772997
rbc_cash,USD/RUB,85.5,p05,2026-09-19T02:09:57+03:00,2026-09-19,1789772997
rbc_cash,USD/RUB,86.5,median,2026-09-19T02:09:57+03:00,2026-09-19,1789772997
rbc_cash,CNY/RUB,13.2,min,2026-09-19T02:09:57+03:00,2026-09-19,1789772997
rbc_cash,CNY/RUB,13.2,p05,2026-09-19T02:09:57+03:00,2026-09-19,1789772997
rbc_cash,CNY/RUB,13.274999999999999,median,2026-09-19T02:09:57+03:00,2026-09-19,1789772997
bestchange,USDT_TRC20/RUB,86.93,min,2026-09-19T02:09:57+03:00,2026-09-19,1789772997
bestchange,USDT_TRC20/RUB,90.51,p05,2026-09-19T02:09:57+03:00,2026-09-19,1789772997
bestchange,USDT_TRC20/RUB,94.29805711,median,2026-09-19T02:09:57+03:00,2026-09-19,1789772997
cbr,USD/RUB,84.1975,value,2026-09-19T11:30:00+03:00,2026-09-19,1789806600
cbr,CNY/RUB,12.567,value,2026-09-19T11:30:00+03:00,2026-09-19,1789806600
forex,USD/RUB,84.41,value,2026-09-19T03:00:01+03:00,2026-09-19,1789776001
forex,CNY/RUB,12.61,value,2026-09-19T03:00:01+03:00,2026-09-19,1789776001
rbc_cash,USD/RUB,85.5,min,2026-09-19T07:18:31+03:00,2026-09-19,1789791511
rbc_cash,USD/RUB,85.5,p05,2026-09-19T07:18:31+03:00,2026-09-19,1789791511
rbc_cash,USD/RUB,86.5,median,2026-09-19T07:18:31+03:00,2026-09-19,1789791511
rbc_cash,CNY/RUB,13.2,min,2026-09-19T07:18:31+03:00,2026-09-19,1789791511
rbc_cash,CNY/RUB,13.2,p05,2026-09-19T07:18:31+03:00,2026-09-19,1789791511
rbc_cash,CNY/RUB,13.274999999999999,median,2026-09-19T07:18:31+03:00,2026-09-19,1789791511
bestchange,USDT_TRC20/RUB,87.03,min,2026-09-19T07:18:31+03:00,2026-09-19,1789791511
bestchange,USDT_TRC20/RUB,90.324437,p05,2026-09-19T07:18:31+03:00,2026-09-19,1789791511
bestchange,USDT_TRC20/RUB,94.19515711,median,2026-09-19T07:18:31+03:00,2026-09-19,1789791511
cbr,USD/RUB,84.1975,value,2026-09-19T11:30:00+03:00,2026-09-19,1789806600
cbr,CNY/RUB,12.567,value,2026-09-19T11:30:00+03:00,2026-09-19,1789806600
forex,USD/RUB,84.41,value,2026-09-19T03:00:01+03:00,2026-09-19,1789776001
forex,CNY/RUB,12.61,value,2026-09-19T03:00:01+03:00,2026-09-19,1789776001
rbc_cash,USD/RUB,85.8,min,2026-09-19T12:20:20+03:00,2026-09-19,1789809620
rbc_cash,USD/RUB,85.99,p05,2026-09-19T12:20:20+03:00,2026-09-19,1789809620
rbc_cash,USD/RUB,87.3,median,2026-09-19T12:20:20+03:00,2026-09-19,1789809620
rbc_cash,CNY/RUB,12.9,min,2026-09-19T12:20:20+03:00,2026-09-19,1789809620
rbc_cash,CNY/RUB,12.9,p05,2026-09-19T12:20:20+03:00,2026-09-19,1789809620
rbc_cash,CNY/RUB,13.3,median,2026-09-19T12:20:20+03:00,2026-09-19,1789809620
bestchange,USDT_TRC20/RUB,87.13,min,2026-09-19T12:20:20+03:00,2026-09-19,1789809620
bestchange,USDT_TRC20/RUB,89.7901,p05,2026-09-19T12:20:20+03:00,2026-09-19,1789809620
bestchange,USDT_TRC20/RUB,93.80789999999999,median,2026-09-19T12:20:20+03:00,2026-09-19,1789809620
cbr,USD/RUB,84.1975,value,2026-09-19T11:30:00+03:00,2026-09-19,1789806600
cbr,CNY/RUB,12.567,value,2026-09-19T11:30:00+03:00,2026-09-19,1789806600
forex,USD/RUB,84.41,value,2026-09-19T03:00:01+03:00,2026-09-19,1789776001
forex,CNY/RUB,12.61,value,2026-09-19T03:00:01+03:00,2026-09-19,1789776001
rbc_cash,USD/RUB,85.6,min,2026-09-19T16:50:09+03:00,2026-09-19,1789825809
rbc_cash,USD/RUB,86.08,p05,2026-09-19T16:50:09+03:00,2026-09-19,1789825809
rbc_cash,USD/RUB,87.3,median,2026-09-19T16:50:09+03:00,2026-09-19,1789825809
rbc_cash,CNY/RUB,12.9,min,2026-09-19T16:50:09+03:00,2026-09-19,1789825809
rbc_cash,CNY/RUB,12.9,p05,2026-09-19T16:50:09+03:00,2026-09-19,1789825809
rbc_cash,CNY/RUB,13.3,median,2026-09-19T16:50:09+03:00,2026-09-19,1789825809
bestchange,USDT_TRC20/RUB,87.03,min,2026-09-19T16:50:10+03:00,2026-09-19,1789825810
bestchange,USDT_TRC20/RUB,89.5403,p05,2026-09-19T16:50:10+03:00,2026-09-19,1789825810
bestchange,USDT_TRC20/RUB,93.58,median,2026-09-19T16:50:10+03:00,2026-09-19,1789825810
cbr,USD/RUB,84.1975,value,2026-09-19T11:30:00+03:00,2026-09-19,1789806600
cbr,CNY/RUB,12.567,value,2026-09-19T11:30:00+03:00,2026-09-19,1789806600
forex,USD/RUB,84.41,value,2026-09-19T03:00:01+03:00,2026-09-19,1789776001
forex,CNY/RUB,12.61,value,2026-09-19T03:00:01+03:00,2026-09-19,1789776001
rbc_cash,USD/RUB,85.75,min,2026-09-19T20:07:53+03:00,2026-09-19,1789837673
rbc_cash,USD/RUB,86.3,p05,2026-09-19T20:07:53+03:00,2026-09-19,1789837673
rbc_cash,USD/RUB,87.3,median,2026-09-19T20:07:53+03:00,2026-09-19,1789837673
rbc_cash,CNY/RUB,12.9,min,2026-09-19T20:07:53+03:00,2026-09-19,1789837673
rbc_cash,CNY/RUB,12.95,p05,2026-09-19T20:07:53+03:00,2026-09-19,1789837673
rbc_cash,CNY/RUB,13.3,median,2026-09-19T20:07:53+03:00,2026-09-19,1789837673
bestchange,USDT_TRC20/RUB,87.22,min,2026-09-19T20:07:53+03:00,2026-09-19,1789837673
bestchange,USDT_TRC20/RUB,89.75947,p05,2026-09-19T20:07:53+03:00,2026-09-19,1789837673
bestchange,USDT_TRC20/RUB,93.556388885,median,2026-09-19T20:07:53+03:00,2026-09-19,1789837673
cbr,USD/RUB,84.1975,value,2026-09-19T11:30:00+03:00,2026-09-19,1789806600
cbr,CNY/RUB,12.567,value,2026-09-19T11:30:00+03:00,2026-09-19,1789806600
forex,USD/RUB,84.41,value,2026-09-19T03:00:01+03:00,2026-09-19,1789776001
forex,CNY/RUB,12.61,value,2026-09-19T03:00:01+03:00,2026-09-19,1789776001
rbc_cash,USD/RUB,86.5,min,2026-09-19T23:27:09+03:00,2026-09-19,1789849629
rbc_cash,USD/RUB,86.5,p05,2026-09-19T23:27:09+03:00,2026-09-19,1789849629
rbc_cash,USD/RUB,87.0,median,2026-09-19T23:27:09+03:00,2026-09-19,1789849629
rbc_cash,CNY/RUB,13.2,min,2026-09-19T23:27:09+03:00,2026-09-19,1789849629
rbc_cash,CNY/RUB,13.2,p05,2026-09-19T23:27:09+03:00,2026-09-19,1789849629
rbc_cash,CNY/RUB,13.3,median,2026-09-19T23:27:09+03:00,2026-09-19,1789849629
bestchange,USDT_TRC20/RUB,87.4198,min,2026-09-19T23:27:09+03:00,2026-09-19,1789849629
bestchange,USDT_TRC20/RUB,89.28349275,p05,2026-09-19T23:27:09+03:00,2026-09-19,1789849629
bestchange,USDT_TRC20/RUB,93.556388885,median,2026-09-19T23:27:09+03:00,2026-09-19,1789849629
cbr,USD/RUB,84.1975,value,2026-09-19T11:30:00+03:00,2026-09-19,1789806600
cbr,CNY/RUB,12.567,value,2026-09-19T11:30:00+03:00,2026-09-19,1789806600
forex,USD/RUB,84.41,value,2026-09-19T03:00:01+03:00,2026-09-19,1789776001
forex,CNY/RUB,12.61,value,2026-09-19T03:00:01+03:00,2026-09-19,1789776001
rbc_cash,USD/RUB,86.5,min,2026-09-20T01:51:05+03:00,2026-09-20,1789858265
rbc_cash,USD/RUB,86.5,p05,2026-09-20T01:51:05+03:00,2026-09-20,1789858265
rbc_cash,USD/RUB,86.5,median,2026-09-20T01:51:05+03:00,2026-09-20,1789858265
rbc_cash,CNY/RUB,13.2,min,2026-09-20T01:51:05+03:00,2026-09-20,1789858265
rbc_cash,CNY/RUB,13.2,p05,2026-09-20T01:51:05+03:00,2026-09-20,1789858265
rbc_cash,CNY/RUB,13.274999999999999,median,2026-09-20T01:51:05+03:00,2026-09-20,1789858265
bestchange,USDT_TRC20/RUB,87.43,min,2026-09-20T01:51:06+03:00,2026-09-20,1789858266
bestchange,USDT_TRC20/RUB,89.63589636,p05,2026-09-20T01:51:06+03:00,2026-09-20,1789858266
bestchange,USDT_TRC20/RUB,95.05245,median,2026-09-20T01:51:06+03:00,2026-09-20,1789858266
cbr,USD/RUB,84.1975,value,2026-09-19T11:30:00+03:00,2026-09-19,1789806600
cbr,CNY/RUB,12.567,value,2026-09-19T11:30:00+03:00,2026-09-19,1789806600
forex,USD/RUB,84.33,value,2026-09-20T03:00:01+03:00,2026-09-20,1789862401
forex,CNY/RUB,12.61,value,2026-09-20T03:00:01+03:00,2026-09-20,1789862401
rbc_cash,USD/RUB,86.5,min,2026-09-20T03:55:14+03:00,2026-09-20,1789865714
rbc_cash,USD/RUB,86.5,p05,2026-09-20T03:55:14+03:00,2026-09-20,1789865714
rbc_cash,USD/RUB,86.5,median,2026-09-20T03:55:14+03:00,2026-09-20,1789865714
rbc_cash,CNY/RUB,13.2,min,2026-09-20T03:55:14+03:00,2026-09-20,1789865714
rbc_cash,CNY/RUB,13.2,p05,2026-09-20T03:55:14+03:00,2026-09-20,1789865714
rbc_cash,CNY/RUB,13.274999999999999,median,2026-09-20T03:55:14+03:00,2026-09-20,1789865714
bestchange,USDT_TRC20/RUB,87.33,min,2026-09-20T03:55:15+03:00,2026-09-20,1789865715
bestchange,USDT_TRC20/RUB,89.63589636,p05,2026-09-20T03:55:15+03:00,2026-09-20,1789865715
bestchange,USDT_TRC20/RUB,94.92515,median,2026-09-20T03:55:15+03:00,2026-09-20,1789865715
cbr,USD/RUB,84.1975,value,2026-09-19T11:30:00+03:00,2026-09-19,1789806600
cbr,CNY/RUB,12.567,value,2026-09-19T11:30:00+03:00,2026-09-19,1789806600
forex,USD/RUB,84.33,value,2026-09-20T03:00:01+03:00,2026-09-20,1789862401
forex,CNY/RUB,12.61,value,2026-09-20T03:00:01+03:00,2026-09-20,1789862401
rbc_cash,USD/RUB,86.5,min,2026-09-20T08:58:53+03:00,2026-09-20,1789883933
rbc_cash,USD/RUB,86.5,p05,2026-09-20T08:58:53+03:00,2026-09-20,1789883933
rbc_cash,USD/RUB,86.5,median,2026-09-20T08:58:53+03:00,2026-09-20,1789883933
rbc_cash,CNY/RUB,13.2,min,2026-09-20T08:58:53+03:00,2026-09-20,1789883933
rbc_cash,CNY/RUB,13.2,p05,2026-09-20T08:58:53+03:00,2026-09-20,1789883933
rbc_cash,CNY/RUB,13.274999999999999,median,2026-09-20T08:58:53+03:00,2026-09-20,1789883933
bestchange,USDT_TRC20/RUB,87.33,min,2026-09-20T08:58:54+03:00,2026-09-20,1789883934
bestchange,USDT_TRC20/RUB,89.62269224,p05,2026-09-20T08:58:54+03:00,2026-09-20,1789883934
bestchange,USDT_TRC20/RUB,94.64327,median,2026-09-20T08:58:54+03:00,2026-09-20,1789883934
cbr,USD/RUB,84.1975,value,2026-09-19T11:30:00+03:00,2026-09-19,1789806600
cbr,CNY/RUB,12.567,value,2026-09-19T11:30:00+03:00,2026-09-19,1789806600
forex,USD/RUB,84.33,value,2026-09-20T03:00:01+03:00,2026-09-20,1789862401
forex,CNY/RUB,12.61,value,2026-09-20T03:00:01+03:00,2026-09-20,1789862401
rbc_cash,USD/RUB,85.04,min,2026-09-20T14:13:14+03:00,2026-09-20,1789902794
rbc_cash,USD/RUB,86.2,p05,2026-09-20T14:13:14+03:00,2026-09-20,1789902794
rbc_cash,USD/RUB,87.4,median,2026-09-20T14:13:14+03:00,2026-09-20,1789902794
rbc_cash,CNY/RUB,12.9,min,2026-09-20T14:13:14+03:00,2026-09-20,1789902794
rbc_cash,CNY/RUB,12.95,p05,2026-09-20T14:13:14+03:00,2026-09-20,1789902794
rbc_cash,CNY/RUB,13.3,median,2026-09-20T14:13:14+03:00,2026-09-20,1789902794
bestchange,USDT_TRC20/RUB,87.53,min,2026-09-20T14:13:14+03:00,2026-09-20,1789902794
bestchange,USDT_TRC20/RUB,89.91489995,p05,2026-09-20T14:13:14+03:00,2026-09-20,1789902794
bestchange,USDT_TRC20/RUB,93.567972,median,2026-09-20T14:13:14+03:00,2026-09-20,1789902794
cbr,USD/RUB,84.1975,value,2026-09-19T11:30:00+03:00,2026-09-19,1789806600
cbr,CNY/RUB,12.567,value,2026-09-19T11:30:00+03:00,2026-09-19,1789806600
forex,USD/RUB,84.33,value,2026-09-20T03:00:01+03:00,2026-09-20,1789862401
forex,CNY/RUB,12.61,value,2026-09-20T03:00:01+03:00,2026-09-20,1789862401
rbc_cash,USD/RUB,85.49,min,2026-09-20T18:54:32+03:00,2026-09-20,1789919672
rbc_cash,USD/RUB,86.4,p05,2026-09-20T18:54:32+03:00,2026-09-20,1789919672
rbc_cash,USD/RUB,87.45,median,2026-09-20T18:54:32+03:00,2026-09-20,1789919672
rbc_cash,CNY/RUB,12.9,min,2026-09-20T18:54:32+03:00,2026-09-20,1789919672
rbc_cash,CNY/RUB,12.95,p05,2026-09-20T18:54:32+03:00,2026-09-20,1789919672
rbc_cash,CNY/RUB,13.3,median,2026-09-20T18:54:32+03:00,2026-09-20,1789919672
bestchange,USDT_TRC20/RUB,86.73,min,2026-09-20T18:54:33+03:00,2026-09-20,1789919673
bestchange,USDT_TRC20/RUB,88.94838948,p05,2026-09-20T18:54:33+03:00,2026-09-20,1789919673
bestchange,USDT_TRC20/RUB,93.55277777,median,2026-09-20T18:54:33+03:00,2026-09-20,1789919673
cbr,USD/RUB,84.1975,value,2026-09-19T11:30:00+03:00,2026-09-19,1789806600
cbr,CNY/RUB,12.567,value,2026-09-19T11:30:00+03:00,2026-09-19,1789806600
forex,USD/RUB,84.33,value,2026-09-20T03:00:01+03:00,2026-09-20,1789862401
forex,CNY/RUB,12.61,value,2026-09-20T03:00:01+03:00,2026-09-20,1789862401
rbc_cash,USD/RUB,86.09,min,2026-09-20T21:39:31+03:00,2026-09-20,1789929571
rbc_cash,USD/RUB,86.5,p05,2026-09-20T21:39:31+03:00,2026-09-20,1789929571
rbc_cash,USD/RUB,87.15,median,2026-09-20T21:39:31+03:00,2026-09-20,1789929571
rbc_cash,CNY/RUB,13.0,min,2026-09-20T21:39:31+03:00,2026-09-20,1789929571
rbc_cash,CNY/RUB,13.2,p05,2026-09-20T21:39:31+03:00,2026-09-20,1789929571
rbc_cash,CNY/RUB,13.495000000000001,median,2026-09-20T21:39:31+03:00,2026-09-20,1789929571
bestchange,USDT_TRC20/RUB,86.73,min,2026-09-20T21:39:32+03:00,2026-09-20,1789929572
bestchange,USDT_TRC20/RUB,88.8078,p05,2026-09-20T21:39:32+03:00,2026-09-20,1789929572
bestchange,USDT_TRC20/RUB,93.37380565000001,median,2026-09-20T21:39:32+03:00,2026-09-20,1789929572
cbr,USD/RUB,84.1975,value,2026-09-19T11:30:00+03:00,2026-09-19,1789806600
cbr,CNY/RUB,12.567,value,2026-09-19T11:30:00+03:00,2026-09-19,1789806600
forex,USD/RUB,84.33,value,2026-09-20T03:00:01+03:00,2026-09-20,1789862401
forex,CNY/RUB,12.61,value,2026-09-20T03:00:01+03:00,2026-09-20,1789862401
rbc_cash,USD/RUB,86.5,min,2026-09-21T00:23:46+03:00,2026-09-21,1789939426
rbc_cash,USD/RUB,86.5,p05,2026-09-21T00:23:46+03:00,2026-09-21,1789939426
rbc_cash,USD/RUB,87.45,median,2026-09-21T00:23:46+03:00,2026-09-21,1789939426
rbc_cash,CNY/RUB,13.2,min,2026-09-21T00:23:46+03:00,2026-09-21,1789939426
rbc_cash,CNY/RUB,13.2,p05,2026-09-21T00:23:46+03:00,2026-09-21,1789939426
rbc_cash,CNY/RUB,13.274999999999999,median,2026-09-21T00:23:46+03:00,2026-09-21,1789939426
bestchange,USDT_TRC20/RUB,86.83,min,2026-09-21T00:23:46+03:00,2026-09-21,1789939426
bestchange,USDT_TRC20/RUB,89.56560681,p05,2026-09-21T00:23:46+03:00,2026-09-21,1789939426
bestchange,USDT_TRC20/RUB,94.06219999999999,median,2026-09-21T00:23:46+03:00,2026-09-21,1789939426
cbr,USD/RUB,84.1975,value,2026-09-19T11:30:00+03:00,2026-09-19,1789806600
cbr,CNY/RUB,12.567,value,2026-09-19T11:30:00+03:00,2026-09-19,1789806600
forex,USD/RUB,84.26,value,2026-09-21T03:00:01+03:00,2026-09-21,1789948801
forex,CNY/RUB,12.61,value,2026-09-21T03:00:01+03:00,2026-09-21,1789948801
rbc_cash,USD/RUB,86.5,min,2026-09-21T03:04:22+03:00,2026-09-21,1789949062
rbc_cash,USD/RUB,86.5,p05,2026-09-21T03:04:22+03:00,2026-09-21,1789949062
rbc_cash,USD/RUB,87.45,median,2026-09-21T03:04:22+03:00,2026-09-21,1789949062
rbc_cash,CNY/RUB,13.2,min,2026-09-21T03:04:22+03:00,2026-09-21,1789949062
rbc_cash,CNY/RUB,13.2,p05,2026-09-21T03:04:22+03:00,2026-09-21,1789949062
rbc_cash,CNY/RUB,13.274999999999999,median,2026-09-21T03:04:22+03:00,2026-09-21,1789949062
bestchange,USDT_TRC20/RUB,86.83,min,2026-09-21T03:04:22+03:00,2026-09-21,1789949062
bestchange,USDT_TRC20/RUB,89.59,p05,2026-09-21T03:04:22+03:00,2026-09-21,1789949062
bestchange,USDT_TRC20/RUB,94.1244,median,2026-09-21T03:04:22+03:00,2026-09-21,1789949062
cbr,USD/RUB,84.1975,value,2026-09-19T11:30:00+03:00,2026-09-19,1789806600
cbr,CNY/RUB,12.567,value,2026-09-19T11:30:00+03:00,2026-09-19,1789806600
forex,USD/RUB,84.26,value,2026-09-21T03:00:01+03:00,2026-09-21,1789948801
forex,CNY/RUB,12.61,value,2026-09-21T03:00:01+03:00,2026-09-21,1789948801
rbc_cash,USD/RUB,84.9,min,2026-09-21T09:05:36+03:00,2026-09-21,1789970736
rbc_cash,USD/RUB,85.99,p05,2026-09-21T09:05:36+03:00,2026-09-21,1789970736
rbc_cash,USD/RUB,86.92500000000001,median,2026-09-21T09:05:36+03:00,2026-09-21,1789970736
rbc_cash,CNY/RUB,12.9,min,2026-09-21T09:05:36+03:00,2026-09-21,1789970736
rbc_cash,CNY/RUB,12.95,p05,2026-09-21T09:05:36+03:00,2026-09-21,1789970736
rbc_cash,CNY/RUB,13.4,median,2026-09-21T09:05:36+03:00,2026-09-21,1789970736
bestchange,USDT_TRC20/RUB,87.03,min,2026-09-21T09:05:36+03:00,2026-09-21,1789970736
bestchange,USDT_TRC20/RUB,89.33200011,p05,2026-09-21T09:05:36+03:00,2026-09-21,1789970736
bestchange,USDT_TRC20/RUB,94.07,median,2026-09-21T09:05:36+03:00,2026-09-21,1789970736
cbr,USD/RUB,84.1975,value,2026-09-19T11:30:00+03:00,2026-09-19,1789806600
cbr,CNY/RUB,12.567,value,2026-09-19T11:30:00+03:00,2026-09-19,1789806600
forex,USD/RUB,84.26,value,2026-09-21T03:00:01+03:00,2026-09-21,1789948801
forex,CNY/RUB,12.61,value,2026-09-21T03:00:01+03:00,2026-09-21,1789948801
rbc_cash,USD/RUB,84.57,min,2026-09-21T16:51:58+03:00,2026-09-21,1789998718
rbc_cash,USD/RUB,84.78,p05,2026-09-21T16:51:58+03:00,2026-09-21,1789998718
rbc_cash,USD/RUB,86.95,median,2026-09-21T16:51:58+03:00,2026-09-21,1789998718
rbc_cash,CNY/RUB,12.8,min,2026-09-21T16:51:58+03:00,2026-09-21,1789998718
rbc_cash,CNY/RUB,12.9,p05,2026-09-21T16:51:58+03:00,2026-09-21,1789998718
rbc_cash,CNY/RUB,13.2,median,2026-09-21T16:51:58+03:00,2026-09-21,1789998718
bestchange,USDT_TRC20/RUB,86.73,min,2026-09-21T16:51:58+03:00,2026-09-21,1789998718
bestchange,USDT_TRC20/RUB,89.24517,p05,2026-09-21T16:51:58+03:00,2026-09-21,1789998718
bestchange,USDT_TRC20/RUB,93.87774999999999,median,2026-09-21T16:51:58+03:00,2026-09-21,1789998718
cbr,USD/RUB,84.0954,value,2026-09-22T11:30:00+03:00,2026-09-22,1790065800
cbr,CNY/RUB,12.5448,value,2026-09-22T11:30:00+03:00,2026-09-22,1790065800
forex,USD/RUB,84.26,value,2026-09-21T03:00:01+03:00,2026-09-21,1789948801
forex,CNY/RUB,12.61,value,2026-09-21T03:00:01+03:00,2026-09-21,1789948801
rbc_cash,USD/RUB,85.5,min,2026-09-21T22:14:17+03:00,2026-09-21,1790018057
rbc_cash,USD/RUB,85.5,p05,2026-09-21T22:14:17+03:00,2026-09-21,1790018057
rbc_cash,USD/RUB,86.1,median,2026-09-21T22:14:17+03:00,2026-09-21,1790018057
rbc_cash,CNY/RUB,13.2,min,2026-09-21T22:14:17+03:00,2026-09-21,1790018057
rbc_cash,CNY/RUB,13.2,p05,2026-09-21T22:14:17+03:00,2026-09-21,1790018057
rbc_cash,CNY/RUB,13.3,median,2026-09-21T22:14:17+03:00,2026-09-21,1790018057
bestchange,USDT_TRC20/RUB,86.93,min,2026-09-21T22:14:18+03:00,2026-09-21,1790018058
bestchange,USDT_TRC20/RUB,89.67,p05,2026-09-21T22:14:18+03:00,2026-09-21,1790018058
bestchange,USDT_TRC20/RUB,93.270000055,median,2026-09-21T22:14:18+03:00,2026-09-21,1790018058
cbr,USD/RUB,84.0954,value,2026-09-22T11:30:00+03:00,2026-09-22,1790065800
cbr,CNY/RUB,12.5448,value,2026-09-22T11:30:00+03:00,2026-09-22,1790065800
forex,USD/RUB,84.26,value,2026-09-21T03:00:01+03:00,2026-09-21,1789948801
forex,CNY/RUB,12.61,value,2026-09-21T03:00:01+03:00,2026-09-21,1789948801
rbc_cash,USD/RUB,85.9,min,2026-09-22T02:08:44+03:00,2026-09-22,1790032124
rbc_cash,USD/RUB,85.9,p05,2026-09-22T02:08:44+03:00,2026-09-22,1790032124
rbc_cash,USD/RUB,86.1,median,2026-09-22T02:08:44+03:00,2026-09-22,1790032124
rbc_cash,CNY/RUB,13.2,min,2026-09-22T02:08:44+03:00,2026-09-22,1790032124
rbc_cash,CNY/RUB,13.2,p05,2026-09-22T02:08:44+03:00,2026-09-22,1790032124
rbc_cash,CNY/RUB,13.35,median,2026-09-22T02:08:44+03:00,2026-09-22,1790032124
bestchange,USDT_TRC20/RUB,86.83,min,2026-09-22T02:08:45+03:00,2026-09-22,1790032125
bestchange,USDT_TRC20/RUB,90.1199,p05,2026-09-22T02:08:45+03:00,2026-09-22,1790032125
bestchange,USDT_TRC20/RUB,94.04137039,median,2026-09-22T02:08:45+03:00,2026-09-22,1790032125
cbr,USD/RUB,84.0954,value,2026-09-22T11:30:00+03:00,2026-09-22,1790065800
cbr,CNY/RUB,12.5448,value,2026-09-22T11:30:00+03:00,2026-09-22,1790065800
forex,USD/RUB,83.97,value,2026-09-22T03:00:01+03:00,2026-09-22,1790035201
forex,CNY/RUB,12.59,value,2026-09-22T03:00:01+03:00,2026-09-22,1790035201
rbc_cash,USD/RUB,85.9,min,2026-09-22T07:31:10+03:00,2026-09-22,1790051470
rbc_cash,USD/RUB,85.9,p05,2026-09-22T07:31:10+03:00,2026-09-22,1790051470
rbc_cash,USD/RUB,86.1,median,2026-09-22T07:31:10+03:00,2026-09-22,1790051470
rbc_cash,CNY/RUB,13.2,min,2026-09-22T07:31:10+03:00,2026-09-22,1790051470
rbc_cash,CNY/RUB,13.2,p05,2026-09-22T07:31:10+03:00,2026-09-22,1790051470
rbc_cash,CNY/RUB,13.35,median,2026-09-22T07:31:10+03:00,2026-09-22,1790051470
bestchange,USDT_TRC20/RUB,86.83,min,2026-09-22T07:31:11+03:00,2026-09-22,1790051471
bestchange,USDT_TRC20/RUB,89.000534,p05,2026-09-22T07:31:11+03:00,2026-09-22,1790051471
bestchange,USDT_TRC20/RUB,94.1623,median,2026-09-22T07:31:11+03:00,2026-09-22,1790051471
cbr,USD/RUB,84.0954,value,2026-09-22T11:30:00+03:00,2026-09-22,1790065800
cbr,CNY/RUB,12.5448,value,2026-09-22T11:30:00+03:00,2026-09-22,1790065800
forex,USD/RUB,83.97,value,2026-09-22T03:00:01+03:00,2026-09-22,1790035201
forex,CNY/RUB,12.59,value,2026-09-22T03:00:01+03:00,2026-09-22,1790035201
rbc_cash,USD/RUB,84.3,min,2026-09-22T12:47:56+03:00,2026-09-22,1790070476
rbc_cash,USD/RUB,84.54,p05,2026-09-22T12:47:56+03:00,2026-09-22,1790070476
rbc_cash,USD/RUB,86.8,median,2026-09-22T12:47:56+03:00,2026-09-22,1790070476
rbc_cash,CNY/RUB,12.72,min,2026-09-22T12:47:56+03:00,2026-09-22,1790070476
rbc_cash,CNY/RUB,12.85,p05,2026-09-22T12:47:56+03:00,2026-09-22,1790070476
rbc_cash,CNY/RUB,13.2,median,2026-09-22T12:47:56+03:00,2026-09-22,1790070476
bestchange,USDT_TRC20/RUB,86.53,min,2026-09-22T12:47:56+03:00,2026-09-22,1790070476
bestchange,USDT_TRC20/RUB,89.1543,p05,2026-09-22T12:47:56+03:00,2026-09-22,1790070476
bestchange,USDT_TRC20/RUB,93.02405694000001,median,2026-09-22T12:47:56+03:00,2026-09-22,1790070476
cbr,USD/RUB,84.0954,value,2026-09-22T11:30:00+03:00,2026-09-22,1790065800
cbr,CNY/RUB,12.5448,value,2026-09-22T11:30:00+03:00,2026-09-22,1790065800
forex,USD/RUB,83.97,value,2026-09-22T03:00:01+03:00,2026-09-22,1790035201
forex,CNY/RUB,12.59,value,2026-09-22T03:00:01+03:00,2026-09-22,1790035201
rbc_cash,USD/RUB,84.34,min,2026-09-22T17:37:07+03:00,2026-09-22,1790087827
rbc_cash,USD/RUB,84.59,p05,2026-09-22T17:37:07+03:00,2026-09-22,1790087827
rbc_cash,USD/RUB,86.8,median,2026-09-22T17:37:07+03:00,2026-09-22,1790087827
rbc_cash,CNY/RUB,12.8,min,2026-09-22T17:37:07+03:00,2026-09-22,1790087827
rbc_cash,CNY/RUB,12.9,p05,2026-09-22T17:37:07+03:00,2026-09-22,1790087827
rbc_cash,CNY/RUB,13.2,median,2026-09-22T17:37:07+03:00,2026-09-22,1790087827
bestchange,USDT_TRC20/RUB,86.32,min,2026-09-22T17:37:08+03:00,2026-09-22,1790087828
bestchange,USDT_TRC20/RUB,89.2996,p05,2026-09-22T17:37:08+03:00,2026-09-22,1790087828
bestchange,USDT_TRC20/RUB,93.73044999999999,median,2026-09-22T17:37:08+03:00,2026-09-22,1790087828
cbr,USD/RUB,84.0657,value,2026-09-23T11:30:00+03:00,2026-09-23,1790152200
cbr,CNY/RUB,12.5291,value,2026-09-23T11:30:00+03:00,2026-09-23,1790152200
forex,USD/RUB,83.97,value,2026-09-22T03:00:01+03:00,2026-09-22,1790035201
forex,CNY/RUB,12.59,value,2026-09-22T03:00:01+03:00,2026-09-22,1790035201
rbc_cash,USD/RUB,84.89,min,2026-09-22T21:42:29+03:00,2026-09-22,1790102549
rbc_cash,USD/RUB,85.2,p05,2026-09-22T21:42:29+03:00,2026-09-22,1790102549
rbc_cash,USD/RUB,86.6,median,2026-09-22T21:42:29+03:00,2026-09-22,1790102549
rbc_cash,CNY/RUB,12.95,min,2026-09-22T21:42:29+03:00,2026-09-22,1790102549
rbc_cash,CNY/RUB,13.2,p05,2026-09-22T21:42:29+03:00,2026-09-22,1790102549
rbc_cash,CNY/RUB,13.39,median,2026-09-22T21:42:29+03:00,2026-09-22,1790102549
bestchange,USDT_TRC20/RUB,86.43,min,2026-09-22T21:42:29+03:00,2026-09-22,1790102549
bestchange,USDT_TRC20/RUB,89.47645751,p05,2026-09-22T21:42:29+03:00,2026-09-22,1790102549
bestchange,USDT_TRC20/RUB,93.68826092,median,2026-09-22T21:42:29+03:00,2026-09-22,1790102549
cbr,USD/RUB,84.0657,value,2026-09-23T11:30:00+03:00,2026-09-23,1790152200
cbr,CNY/RUB,12.5291,value,2026-09-23T11:30:00+03:00,2026-09-23,1790152200
forex,USD/RUB,83.97,value,2026-09-22T03:00:01+03:00,2026-09-22,1790035201
forex,CNY/RUB,12.59,value,2026-09-22T03:00:01+03:00,2026-09-22,1790035201
rbc_cash,USD/RUB,85.5,min,2026-09-23T00:56:45+03:00,2026-09-23,1790114205
rbc_cash,USD/RUB,85.5,p05,2026-09-23T00:56:45+03:00,2026-09-23,1790114205
rbc_cash,USD/RUB,87.0,median,2026-09-23T00:56:45+03:00,2026-09-23,1790114205
rbc_cash,CNY/RUB,13.2,min,2026-09-23T00:56:45+03:00,2026-09-23,1790114205
rbc_cash,CNY/RUB,13.2,p05,2026-09-23T00:56:45+03:00,2026-09-23,1790114205
rbc_cash,CNY/RUB,13.274999999999999,median,2026-09-23T00:56:45+03:00,2026-09-23,1790114205
bestchange,USDT_TRC20/RUB,86.53,min,2026-09-23T00:56:46+03:00,2026-09-23,1790114206
bestchange,USDT_TRC20/RUB,89.27699992,p05,2026-09-23T00:56:46+03:00,2026-09-23,1790114206
bestchange,USDT_TRC20/RUB,94.337545,median,2026-09-23T00:56:46+03:00,2026-09-23,1790114206
cbr,USD/RUB,84.0657,value,2026-09-23T11:30:00+03:00,2026-09-23,1790152200
cbr,CNY/RUB,12.5291,value,2026-09-23T11:30:00+03:00,2026-09-23,1790152200
forex,USD/RUB,84.18,value,2026-09-23T03:00:01+03:00,2026-09-23,1790121601
forex,CNY/RUB,12.45,value,2026-09-23T03:00:01+03:00,2026-09-23,1790121601
rbc_cash,USD/RUB,85.5,min,2026-09-23T03:17:15+03:00,2026-09-23,1790122635
rbc_cash,USD/RUB,85.5,p05,2026-09-23T03:17:15+03:00,2026-09-23,1790122635
rbc_cash,USD/RUB,87.0,median,2026-09-23T03:17:15+03:00,2026-09-23,1790122635
rbc_cash,CNY/RUB,13.2,min,2026-09-23T03:17:15+03:00,2026-09-23,1790122635
rbc_cash,CNY/RUB,13.2,p05,2026-09-23T03:17:15+03:00,2026-09-23,1790122635
rbc_cash,CNY/RUB,13.274999999999999,median,2026-09-23T03:17:15+03:00,2026-09-23,1790122635
bestchange,USDT_TRC20/RUB,86.53,min,2026-09-23T03:17:16+03:00,2026-09-23,1790122636
bestchange,USDT_TRC20/RUB,89.580132,p05,2026-09-23T03:17:16+03:00,2026-09-23,1790122636
bestchange,USDT_TRC20/RUB,94.6517,median,2026-09-23T03:17:16+03:00,2026-09-23,1790122636
